type,latitude,longitude,altitude (m),slope (%),distance (km),distance_interval (m),name,desc
T,51.22774,6.77346,34.4,,0,,"Düsseldorf, Germany - Cologne, Germany","44.8 km, 0:45"
T,51.22766,6.77348,34.3,-1,0.009,9.01,,
T,51.22757,6.77352,34.2,-1.3,0.019,10.4,,
T,51.22742,6.77359,34.3,0.6,0.037,17.39,,
T,51.22742,6.77359,34.3,,0.037,0,,
T,51.22749,6.77385,34,-1.2,0.057,19.76,,
T,51.22757,6.77416,35,4,0.08,23.41,,
T,51.22762,6.77437,35,0.1,0.096,15.69,,
T,51.22769,6.77464,35,0,0.116,20.41,,
T,51.22774,6.77485,35,0,0.132,15.69,,
T,51.22778,6.77501,35,-0.1,0.144,12.03,,
T,51.22781,6.77518,34.9,-0.9,0.156,12.34,,
T,51.22782,6.77537,34.9,0.5,0.169,13.32,,
T,51.22782,6.77537,34.9,,0.169,0,,
T,51.22783,6.77559,35.3,2.2,0.185,15.41,,
T,51.22784,6.77617,36,1.8,0.225,40.53,,
T,51.22784,6.77645,36.2,1.1,0.245,19.56,,
T,51.22784,6.77673,37,4,0.264,19.56,,
T,51.22785,6.77685,37,0,0.273,8.46,,
T,51.22785,6.77685,37,,0.273,0,,
T,51.22785,6.77709,37,0,0.29,16.76,,
T,51.22799,6.77709,37,0,0.305,15.58,,
T,51.22804,6.77709,37,0,0.311,5.56,,
T,51.22844,6.77711,37,0,0.355,44.52,,
T,51.22877,6.77713,37.2,0.5,0.392,36.74,,
T,51.22899,6.77714,37.3,0.4,0.417,24.49,,
T,51.2292,6.77715,37.3,0.2,0.44,23.37,,
T,51.22932,6.77716,37.7,2.3,0.453,13.37,,
T,51.22932,6.77717,37.6,-2.3,0.454,0.7,,
T,51.22949,6.77718,38,1.9,0.473,18.93,,
T,51.2296,6.7772,38,0,0.485,12.32,,
T,51.22968,6.77723,38,-0.1,0.494,9.14,,
T,51.22976,6.77726,38,0.1,0.504,9.14,,
T,51.22976,6.77726,38,,0.504,0,,
T,51.22983,6.77729,38,0,0.512,8.06,,
T,51.22989,6.7773,38,0,0.518,6.71,,
T,51.22996,6.77731,38,0,0.526,7.82,,
T,51.23012,6.77731,37.6,-2.4,0.544,17.8,,
T,51.23027,6.77731,37,-3.2,0.561,16.69,,
T,51.23042,6.77729,37.4,2.1,0.577,16.75,,
T,51.23053,6.77725,37.8,3.4,0.59,12.55,,
T,51.23061,6.7772,37.8,-0.1,0.6,9.56,,
T,51.23073,6.77712,37.6,-1.5,0.614,14.47,,
T,51.23082,6.77705,37.9,2.9,0.625,11.14,,
T,51.2309,6.77696,37.7,-1.5,0.636,10.9,,
T,51.23095,6.77691,37.6,-2.8,0.643,6.57,,
T,51.23107,6.77678,37.6,0,0.659,16.15,,
T,51.23113,6.77669,37.8,3.1,0.668,9.17,,
T,51.23132,6.77642,37.7,-0.5,0.696,28.33,,
T,51.23137,6.77634,37.9,3,0.704,7.88,,
T,51.23143,6.77622,37.9,0.1,0.715,10.72,,
T,51.23146,6.77616,38,0.2,0.72,5.36,,
T,51.23152,6.77605,38,0.4,0.73,10.18,,
T,51.23155,6.77599,38,0,0.736,5.36,,
T,51.23157,6.77593,38,0,0.74,4.74,,
T,51.2316,6.77587,38,0,0.746,5.36,,
T,51.23162,6.7758,38.1,1.9,0.751,5.37,,
T,51.23164,6.77574,38.3,4.3,0.756,4.74,,
T,51.23165,6.77569,38.5,4.9,0.76,3.67,,
T,51.23165,6.77569,38.5,,0.76,0,,
T,51.23174,6.77563,38.5,-0.2,0.77,10.85,,
T,51.23178,6.77559,38.5,0,0.776,5.25,,
T,51.23179,6.77558,38.5,0,0.777,1.31,,
T,51.23182,6.77554,38.5,0.3,0.781,4.35,,
T,51.23185,6.7755,38.5,-0.2,0.786,4.35,,
T,51.23187,6.77544,38.6,2.1,0.79,4.74,,
T,51.2319,6.77537,38.7,2.5,0.796,5.92,,
T,51.23193,6.77531,38.9,3.2,0.802,5.36,,
T,51.23194,6.77526,39,3,0.805,3.67,,
T,51.23196,6.7752,38.9,-2.4,0.81,4.74,,
T,51.23197,6.77518,38.8,-4,0.812,1.79,,
T,51.23198,6.77514,38.7,-2.4,0.815,3.01,,
T,51.23198,6.77509,38.7,0,0.818,3.49,,
T,51.23217,6.77444,38,-1.5,0.869,50.08,,
T,51.23217,6.77443,38,0,0.869,0.7,,
T,51.2322,6.77433,38,0,0.877,7.74,,
T,51.23229,6.77402,37.9,-0.5,0.901,23.86,,
T,51.23249,6.77335,38,0.2,0.953,51.82,,
T,51.23249,6.77333,38,0.1,0.954,1.4,,
T,51.23257,6.77305,37.7,-1.2,0.976,21.49,,
T,51.23259,6.77292,37.3,-4.1,0.985,9.35,,
T,51.23261,6.77281,37.1,-3.5,0.993,8,,
T,51.23261,6.77279,37,-3.1,0.994,1.4,,
T,51.23262,6.77272,36.9,-2.3,0.999,5.01,,
T,51.23262,6.77253,36.6,-2.2,1.013,13.27,,
T,51.23262,6.7723,36.2,-2.8,1.029,16.06,,
T,51.23262,6.77214,36,-1.4,1.04,11.18,,
T,51.23262,6.77174,36,0,1.068,27.94,,
T,51.23262,6.77174,36,,1.068,0,,
T,51.23259,6.77158,35.5,-4.5,1.079,11.66,,
T,51.23228,6.77159,35.4,-0.1,1.114,34.5,,
T,51.23226,6.77158,35.4,-3.1,1.116,2.33,,
T,51.23202,6.77155,35.5,0.3,1.143,26.78,,
T,51.23197,6.77154,35.5,0.6,1.149,5.61,,
T,51.23178,6.7715,35.4,-0.5,1.17,21.32,,
T,51.23164,6.77149,35.4,0.2,1.186,15.59,,
T,51.23151,6.77148,35.7,1.9,1.2,14.48,,
T,51.23146,6.77148,35.8,2.2,1.206,5.56,,
T,51.23134,6.77146,36,1.3,1.219,13.42,,
T,51.23114,6.77143,36,0,1.241,22.35,,
T,51.23102,6.77141,35.7,-2.4,1.255,13.42,,
T,51.23081,6.77136,34.9,-3.4,1.278,23.62,,
T,51.23073,6.77134,34.5,-4.5,1.287,9.01,,
T,51.23064,6.77132,34.1,-3.2,1.298,10.11,,
T,51.23043,6.77127,35.5,5.9,1.321,23.62,,
T,51.23029,6.77123,36.9,8.8,1.337,15.82,,
T,51.23012,6.77118,37,0.5,1.356,19.23,,
T,51.23011,6.77118,37,0,1.357,1.11,,
T,51.22994,6.77112,37,0,1.377,19.37,,
T,51.22955,6.77101,35.9,-2.5,1.421,44.06,,
T,51.22945,6.77098,35.6,-2.9,1.432,11.32,,
T,51.22941,6.77097,35.5,-1,1.437,4.5,,
T,51.2293,6.77094,35.5,-0.5,1.449,12.42,,
T,51.22923,6.77093,35.5,1,1.457,7.82,,
T,51.22913,6.77091,35.6,0.6,1.468,11.21,,
T,51.22905,6.7709,35.7,1,1.477,8.93,,
T,51.22887,6.77089,36,1.5,1.497,20.04,,
T,51.22871,6.77087,36,0,1.515,17.86,,
T,51.22855,6.77085,36,0,1.533,17.86,,
T,51.22842,6.77085,36,0,1.547,14.46,,
T,51.22834,6.77085,36,0,1.556,8.9,,
T,51.22833,6.77085,36,0,1.557,1.11,,
T,51.22811,6.77084,36,0,1.582,24.49,,
T,51.22789,6.77085,36,0,1.606,24.49,,
T,51.22779,6.77085,36,0,1.617,11.13,,
T,51.22763,6.77086,35.9,-0.3,1.635,17.81,,
T,51.22761,6.77086,35.9,-0.3,1.637,2.23,,
T,51.22743,6.77086,35.9,-0.1,1.657,20.03,,
T,51.22714,6.77084,36,0.2,1.69,32.29,,
T,51.22707,6.77083,36,-0.2,1.697,7.82,,
T,51.22689,6.77081,36,-0.1,1.718,20.07,,
T,51.22679,6.7708,35.9,-0.9,1.729,11.15,,
T,51.22654,6.77075,35.4,-1.8,1.757,28.03,,
T,51.22653,6.77075,35.4,-0.3,1.758,1.11,,
T,51.22631,6.77069,35.7,1.2,1.783,24.83,,
T,51.22612,6.77062,36,1.6,1.804,21.7,,
T,51.22601,6.77058,36,-0.2,1.817,12.55,,
T,51.226,6.77058,36,-0.3,1.818,1.11,,
T,51.22591,6.77055,36,0,1.828,10.23,,
T,51.22575,6.77049,35.5,-2.4,1.847,18.29,,
T,51.22555,6.77043,35,-2.3,1.869,22.64,,
T,51.22553,6.77043,35.1,3.2,1.871,2.23,,
T,51.2255,6.77042,35.2,3.2,1.875,3.41,,
T,51.22537,6.77035,35.7,3.1,1.89,15.27,,
T,51.22534,6.77033,35.8,3,1.894,3.62,,
T,51.22527,6.77029,35.9,1.7,1.902,8.27,,
T,51.22514,6.77021,34.4,-9.9,1.917,15.51,,
T,51.225,6.77013,33.5,-5.2,1.934,16.55,,
T,51.22482,6.77003,34.4,4.1,1.955,21.21,,
T,51.22451,6.76982,35.8,3.6,1.993,37.48,,
T,51.22447,6.76979,35.9,2.9,1.998,4.92,,
T,51.22409,6.76953,35.4,-1.1,2.044,46.01,,
T,51.224,6.76947,35.6,1.5,2.054,10.85,,
T,51.22398,6.76945,35.7,3.2,2.057,2.63,,
T,51.22393,6.76942,35.7,0,2.063,5.94,,
T,51.22377,6.76931,35.4,-1.1,2.082,19.39,,
T,51.22357,6.76918,36,2.3,2.106,24.03,,
T,51.22331,6.769,35.4,-1.8,2.138,31.54,,
T,51.22308,6.76884,35.5,0.5,2.166,27.92,,
T,51.22265,6.76856,35.6,0.1,2.218,51.68,,
T,51.22227,6.7683,35.5,-0.3,2.264,46.01,,
T,51.22199,6.7681,35.6,0.3,2.298,34.14,,
T,51.22197,6.76808,35.7,6.1,2.3,2.63,,
T,51.2215,6.76779,35.6,-0.2,2.356,56.08,,
T,51.22148,6.76777,35.6,0.3,2.359,2.63,,
T,51.22118,6.76754,35.8,0.4,2.396,37.04,,
T,51.22116,6.76753,35.8,2.4,2.398,2.33,,
T,51.22087,6.76732,35.8,0,2.434,35.44,,
T,51.22072,6.76721,36,0.8,2.452,18.37,,
T,51.22056,6.7671,36,0.1,2.472,19.39,,
T,51.22051,6.76707,36,0.1,2.478,5.94,,
T,51.22039,6.76699,36,0,2.492,14.47,,
T,51.22023,6.76688,36,0.2,2.511,19.39,,
T,51.22002,6.76674,36.7,2.5,2.537,25.33,,
T,51.21986,6.76663,36.6,-0.6,2.556,19.39,,
T,51.21979,6.76659,36.5,-1.3,2.564,8.27,,
T,51.21973,6.76655,36.4,-0.2,2.572,7.24,,
T,51.21956,6.76639,37,2.5,2.594,21.97,,
T,51.21952,6.76636,37,0.1,2.599,4.92,,
T,51.21936,6.76622,37,0,2.619,20.31,,
T,51.21933,6.76619,37,0,2.623,3.94,,
T,51.21926,6.76613,37,0,2.632,8.84,,
T,51.21926,6.76612,37,0,2.632,0.7,,
T,51.21925,6.76611,37,0,2.634,1.31,,
T,51.21924,6.7661,37,0,2.635,1.31,,
T,51.21923,6.76609,37,0,2.636,1.31,,
T,51.21922,6.76607,37,0,2.638,1.79,,
T,51.21921,6.76607,37,0,2.639,1.11,,
T,51.21921,6.76606,37,0,2.64,0.7,,
T,51.21915,6.76598,36.9,-0.7,2.649,8.71,,
T,51.21913,6.76594,36.9,-2,2.652,3.57,,
T,51.21912,6.76594,36.8,-3.2,2.653,1.11,,
T,51.21909,6.76589,36.7,-2.2,2.658,4.83,,
T,51.21908,6.76588,36.7,-2.7,2.659,1.31,,
T,51.21908,6.76587,36.7,0,2.66,0.7,,
T,51.21906,6.76585,36.6,-2.7,2.663,2.63,,
T,51.21894,6.76568,36.6,0.1,2.681,17.87,,
T,51.21868,6.76529,37,0.9,2.72,39.74,,
T,51.21857,6.76511,37,0,2.738,17.55,,
T,51.21856,6.7651,37,0,2.739,1.31,,
T,51.21844,6.7649,37,0,2.759,19.33,,
T,51.2183,6.76467,37.2,0.7,2.781,22.38,,
T,51.21822,6.76454,37.4,1.8,2.794,12.72,,
T,51.21822,6.76453,37.4,3.1,2.794,0.7,,
T,51.21815,6.76441,37.4,-0.2,2.806,11.44,,
T,51.21805,6.76424,37,-2.3,2.822,16.27,,
T,51.21799,6.76412,37.3,2.4,2.833,10.72,,
T,51.21797,6.76408,37.4,4.9,2.836,3.57,,
T,51.21796,6.76406,37.5,4,2.838,1.79,,
T,51.21789,6.76392,37.7,1.7,2.851,12.5,,
T,51.21781,6.76375,37.2,-3.3,2.866,14.84,,
T,51.21755,6.76317,37,-0.5,2.915,49.79,,
T,51.21754,6.76313,37,0,2.918,3.01,,
T,51.2175,6.76306,37,0,2.925,6.61,,
T,51.21744,6.76296,37,0,2.935,9.66,,
T,51.21741,6.7629,37,0,2.94,5.36,,
T,51.21736,6.76282,37,0,2.948,7.89,,
T,51.2173,6.76272,37,0,2.958,9.66,,
T,51.21724,6.76263,37,0,2.967,9.17,,
T,51.21716,6.76251,37.4,3.6,2.979,12.23,,
T,51.2171,6.76243,37.9,5.1,2.988,8.71,,
T,51.21704,6.76235,38.3,5,2.996,8.71,,
T,51.21697,6.76227,38.8,5.3,3.006,9.59,,
T,51.21695,6.76225,39,5.5,3.009,2.63,,
T,51.21694,6.76224,39,5.3,3.01,1.31,,
T,51.21685,6.76214,40.2,9.3,3.022,12.21,,
T,51.21645,6.76174,42.9,5.3,3.075,52.55,,
T,51.21618,6.76155,39.6,-10.3,3.107,32.84,,
T,51.21596,6.76145,37.6,-7.9,3.133,25.45,,
T,51.21575,6.76136,37.4,-0.6,3.157,24.19,,
T,51.21562,6.76131,38.1,4.4,3.172,14.88,,
T,51.2156,6.7613,38.2,4.6,3.174,2.33,,
T,51.21557,6.76129,38.3,4.2,3.178,3.41,,
T,51.21525,6.76116,39.8,4.2,3.214,36.74,,
T,51.21522,6.76116,39.9,0.6,3.218,3.34,,
T,51.21507,6.7611,39.8,-0.2,3.235,17.21,,
T,51.215,6.76107,39.1,-8.8,3.243,8.06,,
T,51.21494,6.76105,37.7,-21.2,3.25,6.82,,
T,51.21479,6.76099,34.8,-16.5,3.267,17.21,,
T,51.21476,6.76098,34.4,-11.6,3.27,3.41,,
T,51.21466,6.76094,34.4,-0.3,3.282,11.47,,
T,51.21445,6.76086,35.2,3.2,3.306,24.02,,
T,51.21418,6.76075,35,-0.5,3.337,31.01,,
T,51.21401,6.76067,35.2,1.2,3.357,19.72,,
T,51.21391,6.76063,35.2,0.1,3.368,11.47,,
T,51.21384,6.7606,35.2,-1.1,3.376,8.06,,
T,51.21373,6.76055,35,-1.3,3.389,12.73,,
T,51.21366,6.76052,35,0,3.397,8.06,,
T,51.21328,6.76031,35.7,1.7,3.442,44.75,,
T,51.21318,6.76025,37.3,12.7,3.454,11.89,,
T,51.21309,6.7602,38.5,12.1,3.464,10.6,,
T,51.21302,6.76015,38.9,4.6,3.473,8.54,,
T,51.21283,6.76,39,0.3,3.496,23.59,,
T,51.21262,6.75982,38.2,-3.2,3.523,26.53,,
T,51.2123,6.75954,37.8,-0.8,3.564,40.62,,
T,51.21215,6.75941,37.6,-0.9,3.583,19,,
T,51.21204,6.75933,37.2,-3.3,3.596,13.45,,
T,51.21198,6.75928,37.1,-2,3.604,7.53,,
T,51.21188,6.75922,37,-0.8,3.615,11.89,,
T,51.21181,6.75918,37,0.3,3.624,8.27,,
T,51.21164,6.75909,37,0.2,3.644,19.93,,
T,51.21147,6.759,37.4,2,3.664,19.93,,
T,51.2112,6.75885,38.4,3.2,3.695,31.81,,
T,51.21107,6.7588,37.9,-3.9,3.71,14.88,,
T,51.2109,6.75875,35.7,-11.1,3.73,19.23,,
T,51.21058,6.75865,35.6,-0.2,3.766,36.28,,
T,51.21044,6.75857,35.3,-1.8,3.782,16.55,,
T,51.2103,6.75848,35.2,-1.2,3.799,16.8,,
T,51.21024,6.75842,35,-1.4,3.807,7.88,,
T,51.21018,6.75837,35,0.1,3.815,7.53,,
T,51.21013,6.75834,35,-0.6,3.82,5.94,,
T,51.21001,6.75828,35.2,1.3,3.834,13.99,,
T,51.20999,6.75827,35.2,2.4,3.837,2.33,,
T,51.20972,6.7581,35.2,-0.3,3.869,32.3,,
T,51.20969,6.75808,35.2,0.7,3.873,3.62,,
T,51.2096,6.75804,35.5,2.7,3.883,10.4,,
T,51.20954,6.75801,35.7,3.4,3.89,7,,
T,51.20933,6.75796,36,1.2,3.914,23.62,,
T,51.20858,6.75758,36.4,0.4,4.001,87.56,,
T,51.20842,6.75751,36.7,1.8,4.02,18.46,,
T,51.20841,6.7575,36.7,1.9,4.021,1.31,,
T,51.2083,6.75745,37,2.2,4.034,12.73,,
T,51.20825,6.75743,37,0,4.04,5.74,,
T,51.20819,6.7574,37,0,4.047,7,,
T,51.20807,6.75735,37,0,4.06,13.8,,
T,51.20769,6.75717,37,0,4.104,44.11,,
T,51.20744,6.75707,37,0,4.133,28.68,,
T,51.20708,6.75699,37,0,4.174,40.44,,
T,51.20706,6.75699,37,0,4.176,2.23,,
T,51.20706,6.75699,37,,4.176,0,,
T,51.20694,6.75693,37,0,4.19,13.99,,
T,51.20684,6.75688,37,0,4.201,11.66,,
T,51.20676,6.75684,37,0,4.211,9.33,,
T,51.20667,6.75681,37,0,4.221,10.23,,
T,51.20661,6.75679,37,0,4.228,6.82,,
T,51.20652,6.75677,37,0,4.238,10.11,,
T,51.20635,6.75675,37,0,4.257,18.96,,
T,51.20605,6.75672,37,0,4.29,33.44,,
T,51.20586,6.75671,37,0,4.312,21.15,,
T,51.2056,6.75666,37,-0.1,4.341,29.14,,
T,51.2053,6.75658,37,0,4.374,33.84,,
T,51.20477,6.75641,37,0,4.435,60.15,,
T,51.20433,6.75628,37,0,4.484,49.79,,
T,51.20405,6.75621,37,0,4.516,31.53,,
T,51.20313,6.75596,37.3,0.3,4.62,103.83,,
T,51.20291,6.7559,37.2,-0.4,4.645,24.83,,
T,51.20285,6.75589,37.2,-0.5,4.651,6.71,,
T,51.20281,6.75587,37.1,-1.5,4.656,4.66,,
T,51.20265,6.75582,37.4,1.7,4.674,18.14,,
T,51.20263,6.75581,37.5,2.1,4.676,2.33,,
T,51.20246,6.75573,37.7,1,4.696,19.72,,
T,51.20237,6.75566,37.7,-0.1,4.707,11.14,,
T,51.20229,6.75558,37.8,1,4.718,10.51,,
T,51.20214,6.75543,37.7,-0.5,4.738,19.71,,
T,51.20198,6.75523,37.7,0,4.76,22.63,,
T,51.20189,6.75512,37.5,-1.1,4.773,12.62,,
T,51.20162,6.75481,37.4,-0.3,4.81,37.04,,
T,51.2013,6.75444,38,1.2,4.854,44,,
T,51.2013,6.75444,38,,4.854,0,,
T,51.20123,6.75429,37.5,-3.5,4.867,13.06,,
T,51.20104,6.75401,37.6,0.2,4.896,28.81,,
T,51.20098,6.75394,37.6,-0.1,4.904,8.28,,
T,51.20095,6.75351,37.6,0,4.934,30.24,,
T,51.20094,6.75335,37.6,0.3,4.945,11.24,,
T,51.20091,6.7531,37.5,-0.7,4.963,17.79,,
T,51.20085,6.75261,37.9,1.1,4.998,34.89,,
T,51.20078,6.75215,37.8,-0.2,5.031,33.08,,
T,51.20072,6.75181,37.8,-0.1,5.056,24.68,,
T,51.20072,6.75176,37.9,2.1,5.059,3.49,,
T,51.20068,6.75158,37.7,-1.1,5.073,13.34,,
T,51.20065,6.75144,37.4,-2.7,5.083,10.34,,
T,51.20062,6.75132,37.5,1,5.092,9.03,,
T,51.20054,6.75104,37.9,1.7,5.114,21.5,,
T,51.20051,6.7509,37.8,-1,5.124,10.34,,
T,51.20047,6.75075,37.6,-1.9,5.135,11.39,,
T,51.20027,6.74997,37.9,0.6,5.194,58.88,,
T,51.20002,6.749,37.9,-0.1,5.268,73.28,,
T,51.19993,6.74864,37.7,-0.5,5.295,27.08,,
T,51.19971,6.74777,38,0.3,5.36,65.55,,
T,51.19954,6.74711,37.5,-0.9,5.41,49.86,,
T,51.19942,6.74664,37.8,0.9,5.445,35.46,,
T,51.19923,6.7459,37.4,-0.8,5.501,55.88,,
T,51.19921,6.74581,37.5,2.2,5.508,6.67,,
T,51.19905,6.7451,37.5,-0.1,5.561,52.72,,
T,51.19887,6.74423,37.9,0.7,5.625,64.02,,
T,51.19881,6.74391,38,0.3,5.648,23.34,,
T,51.19873,6.74337,38.1,0.4,5.687,38.78,,
T,51.19863,6.74266,37.5,-1.1,5.738,50.86,,
T,51.19862,6.74256,36.6,-13.4,5.745,7.08,,
T,51.19861,6.74253,36.3,-11.6,5.747,2.37,,
T,51.1986,6.74241,36.9,7.1,5.756,8.46,,
T,51.1986,6.7424,37,15.3,5.756,0.7,,
T,51.19857,6.74211,39.1,10.1,5.777,20.54,,
T,51.19853,6.74174,39.1,0,5.803,26.24,,
T,51.19851,6.74139,39.4,1,5.828,24.57,,
T,51.19848,6.7409,39.8,1.4,5.862,34.41,,
T,51.19845,6.74038,40.6,2.1,5.899,36.5,,
T,51.19845,6.74035,40.6,0,5.901,2.1,,
T,51.19844,6.74003,41,1.7,5.923,22.39,,
T,51.19843,6.73955,42,3.1,5.957,33.57,,
T,51.19843,6.73926,42,0,5.977,20.27,,
T,51.19842,6.73899,42.2,1,5.996,18.91,,
T,51.19841,6.7386,42,-0.8,6.023,27.28,,
T,51.19841,6.73843,41.6,-3.4,6.035,11.88,,
T,51.19843,6.73799,40.6,-3,6.066,30.84,,
T,51.19845,6.73733,41.7,2.4,6.112,46.19,,
T,51.19847,6.73687,42.2,1.3,6.144,32.23,,
T,51.19847,6.73681,42.3,2.5,6.148,4.19,,
T,51.19849,6.73659,41.3,-6.4,6.164,15.54,,
T,51.1985,6.73631,37.7,-18,6.184,19.6,,
T,51.1985,6.73625,37.1,-15.5,6.188,4.19,,
T,51.19851,6.73606,35.2,-14.6,6.201,13.33,,
T,51.19851,6.73605,35.1,-13.6,6.202,0.7,,
T,51.19859,6.73487,31,-4.8,6.285,82.96,,
T,51.1986,6.73465,31,-0.2,6.3,15.42,,
T,51.19864,6.73404,30.9,-0.3,6.343,42.87,,
T,51.19868,6.73343,30.1,-1.9,6.386,42.87,,
T,51.19875,6.73215,30,-0.1,6.476,89.81,,
T,51.19876,6.732,30,0,6.486,10.54,,
T,51.19882,6.73087,30.2,0.3,6.566,79.27,,
T,51.19891,6.72934,30,-0.2,6.673,107.41,,
T,51.19899,6.72781,32,1.8,6.78,107.31,,
T,51.19904,6.72692,32.1,0.1,6.843,62.46,,
T,51.19911,6.72559,36.9,5.2,6.936,93.29,,
T,51.19911,6.72549,38.1,16.7,6.943,6.99,,
T,51.19911,6.72548,38.2,19.6,6.944,0.7,,
T,51.19912,6.72544,38.8,17.4,6.947,3.01,,
T,51.19912,6.72543,38.9,19.7,6.947,0.7,,
T,51.19912,6.72538,39.6,19.7,6.951,3.49,,
T,51.19913,6.72532,40.4,18.9,6.955,4.34,,
T,51.19916,6.7249,44,12.1,6.985,29.55,,
T,51.19919,6.72447,43.4,-1.9,7.015,30.24,,
T,51.19925,6.72337,41.8,-2.1,7.092,77.18,,
T,51.19927,6.72292,41.2,-1.6,7.124,31.53,,
T,51.19928,6.72267,41.7,2.5,7.141,17.51,,
T,51.19929,6.72249,41.9,1.7,7.154,12.63,,
T,51.19929,6.72241,41.9,0,7.159,5.59,,
T,51.19929,6.72218,41.8,-0.5,7.176,16.08,,
T,51.1993,6.7218,41.2,-2.4,7.202,26.58,,
T,51.1993,6.72176,41.1,-2.7,7.205,2.8,,
T,51.19929,6.72152,40.5,-3.3,7.222,16.81,,
T,51.19928,6.72125,39.9,-3.2,7.241,18.9,,
T,51.19925,6.72093,39.2,-3.2,7.263,22.61,,
T,51.19924,6.72082,39,-2.5,7.271,7.77,,
T,51.19922,6.72066,38.1,-7.6,7.282,11.4,,
T,51.1992,6.72053,37.4,-8.1,7.292,9.36,,
T,51.19919,6.72041,36.8,-6.8,7.3,8.46,,
T,51.19915,6.72019,36.2,-4,7.316,16.01,,
T,51.19913,6.72009,36.2,0.1,7.324,7.34,,
T,51.1991,6.71995,36,-2.1,7.334,10.34,,
T,51.19904,6.71972,35.5,-2.4,7.351,17.41,,
T,51.19897,6.7195,35.3,-1.5,7.369,17.24,,
T,51.19888,6.71926,35,-1.3,7.388,19.54,,
T,51.1988,6.71907,35.2,1.1,7.404,15.99,,
T,51.19869,6.71885,35,-1.1,7.424,19.65,,
T,51.19857,6.71866,35,0,7.443,18.83,,
T,51.19846,6.7185,35,0,7.459,16.58,,
T,51.19835,6.71835,35,0,7.475,16.11,,
T,51.19822,6.7182,35.2,1.1,7.493,17.86,,
T,51.19808,6.71806,35.9,3.8,7.512,18.39,,
T,51.19795,6.71796,36.5,3.9,7.528,16.06,,
T,51.1978,6.71784,38.9,12.5,7.546,18.68,,
T,51.19766,6.71774,40.1,7.5,7.563,17.07,,
T,51.19749,6.71765,40.5,1.9,7.583,19.93,,
T,51.19733,6.71757,40.4,-0.6,7.602,18.66,,
T,51.19702,6.71743,40.9,1.5,7.638,35.85,,
T,51.19697,6.71742,41,0.8,7.643,5.61,,
T,51.1967,6.71731,40.7,-0.8,7.674,31.01,,
T,51.19641,6.71721,41,0.7,7.707,33.01,,
T,51.19627,6.71716,40.9,-0.5,7.723,15.96,,
T,51.19609,6.71709,41,0.6,7.744,20.61,,
T,51.19606,6.71707,41,0,7.748,3.62,,
T,51.19578,6.71696,41,-0.1,7.78,32.09,,
T,51.19565,6.71691,40.6,-2.6,7.795,14.88,,
T,51.19551,6.71685,40.1,-2.7,7.811,16.13,,
T,51.1954,6.7168,40.3,1.3,7.823,12.73,,
T,51.1948,6.71657,40,-0.4,7.892,68.66,,
T,51.19463,6.71652,40,-0.3,7.911,19.23,,
T,51.1934,6.71608,39.6,-0.3,8.052,140.25,,
T,51.19322,6.71602,38.3,-6.2,8.072,20.46,,
T,51.19311,6.71598,37.4,-7.8,8.085,12.55,,
T,51.19301,6.71595,37.3,-0.6,8.096,11.32,,
T,51.19291,6.71591,38.2,8.1,8.107,11.47,,
T,51.19264,6.71581,39.7,4.8,8.138,30.84,,
T,51.19234,6.7157,39.4,-0.9,8.172,34.25,,
T,51.19195,6.71556,40,1.4,8.217,44.48,,
T,51.19177,6.7155,40,-0.2,8.237,20.46,,
T,51.19135,6.71535,41,2.1,8.285,47.89,,
T,51.19005,6.71488,41.5,0.4,8.434,148.31,,
T,51.18967,6.71474,42.9,3.3,8.477,43.39,,
T,51.18949,6.71468,42.6,-1.4,8.497,20.46,,
T,51.1885,6.71435,41.1,-1.3,8.61,112.53,,
T,51.18837,6.7143,39.8,-8.6,8.625,14.88,,
T,51.18824,6.71424,41.2,8.8,8.64,15.06,,
T,51.18779,6.71407,43.2,4,8.691,51.45,,
T,51.18771,6.71404,43.3,0.7,8.701,9.14,,
T,51.18748,6.71395,44,2.5,8.727,26.35,,
T,51.18724,6.71385,43.5,-1.5,8.754,27.6,,
T,51.18701,6.71375,44,1.8,8.781,26.53,,
T,51.18685,6.71368,43.1,-4.8,8.799,18.46,,
T,51.18681,6.71366,42.6,-10.8,8.804,4.66,,
T,51.18667,6.7136,41,-10.4,8.82,16.13,,
T,51.18652,6.71353,42.7,9.9,8.838,17.39,,
T,51.18636,6.71345,44.4,9.4,8.856,18.66,,
T,51.18608,6.71331,44.7,0.8,8.889,32.65,,
T,51.18526,6.71286,44.3,-0.4,8.985,96.5,,
T,51.18493,6.71266,43.9,-1,9.025,39.29,,
T,51.18488,6.71263,43.9,-0.2,9.031,5.94,,
T,51.18454,6.71241,43.8,-0.3,9.072,40.83,,
T,51.18445,6.71235,44,1.6,9.082,10.86,,
T,51.1842,6.71218,43.5,-1.6,9.113,30.25,,
T,51.18388,6.71196,44,1.3,9.151,38.78,,
T,51.18387,6.71195,44,0.2,9.153,1.31,,
T,51.18356,6.71172,43.3,-1.9,9.191,38.05,,
T,51.18351,6.71168,42.5,-11.6,9.197,6.23,,
T,51.18339,6.71159,40.3,-15.5,9.212,14.76,,
T,51.18326,6.71149,40.3,0.3,9.228,16.06,,
T,51.18325,6.71148,40.4,10.2,9.229,1.31,,
T,51.18298,6.71126,42.8,7.1,9.263,33.75,,
T,51.18292,6.71122,42.9,0.5,9.27,7.24,,
T,51.18256,6.71091,42.6,-0.6,9.316,45.54,,
T,51.18256,6.71091,42.6,,9.316,0,,
T,51.18251,6.71079,42.4,-1.6,9.326,10.07,,
T,51.18251,6.71078,42.3,-15.3,9.326,0.7,,
T,51.1825,6.71077,42.3,-0.5,9.328,1.31,,
T,51.18246,6.71073,42,-5.2,9.333,5.26,,
T,51.18238,6.71066,41.9,-1.1,9.343,10.16,,
T,51.18233,6.71061,42.1,1.9,9.35,6.57,,
T,51.18227,6.71054,42.4,4.3,9.358,8.28,,
T,51.18221,6.71047,42.7,3.5,9.366,8.28,,
T,51.18216,6.7104,42.6,-1.9,9.374,7.41,,
T,51.18212,6.71035,42.5,-0.6,9.379,5.66,,
T,51.18208,6.71028,42.5,-0.2,9.386,6.62,,
T,51.18205,6.71022,42.3,-4,9.391,5.36,,
T,51.18202,6.71017,42.3,0,9.396,4.83,,
T,51.182,6.71012,42.3,1,9.4,4.14,,
T,51.18196,6.71003,42.7,5.2,9.408,7.71,,
T,51.18192,6.70993,42.8,0.3,9.416,8.29,,
T,51.18187,6.70978,42.4,-2.9,9.428,11.87,,
T,51.18182,6.70963,42.1,-2.9,9.44,11.87,,
T,51.18171,6.70924,41.7,-1.3,9.47,29.89,,
T,51.18168,6.70914,41.8,1.6,9.478,7.75,,
T,51.18165,6.70904,42,2.9,9.485,7.75,,
T,51.18162,6.70895,42,0.1,9.493,7.12,,
T,51.18159,6.70887,41.9,-1.6,9.499,6.51,,
T,51.18156,6.70879,41.6,-4.4,9.506,6.51,,
T,51.18153,6.70871,41.4,-4.4,9.512,6.51,,
T,51.18148,6.7086,41,-3.8,9.522,9.49,,
T,51.18144,6.70852,41,0,9.529,7.15,,
T,51.18139,6.70843,41,0,9.537,8.4,,
T,51.18136,6.70838,41,0.4,9.542,4.83,,
T,51.18132,6.70831,40.7,-4.1,9.549,6.62,,
T,51.18128,6.70826,40.4,-6.9,9.554,5.66,,
T,51.18125,6.70821,40.1,-5.1,9.559,4.83,,
T,51.18114,6.70808,40.6,3.3,9.574,15.24,,
T,51.18108,6.70802,40.5,-1.1,9.582,7.88,,
T,51.18103,6.70798,40.1,-6.1,9.588,6.23,,
T,51.18094,6.70792,40,-1.8,9.599,10.86,,
T,51.18088,6.70787,40,0.6,9.607,7.54,,
T,51.18083,6.70784,40.2,3.7,9.613,5.94,,
T,51.18077,6.70781,39.9,-4.6,9.62,7,,
T,51.18072,6.70779,39.6,-4.4,9.625,5.74,,
T,51.18067,6.70777,39.4,-4.6,9.631,5.74,,
T,51.18059,6.70775,39,-4,9.64,9.01,,
T,51.18052,6.70774,38.9,-1.7,9.648,7.82,,
T,51.18045,6.70773,38.9,0.2,9.656,7.82,,
T,51.18036,6.70773,38.9,0.6,9.666,10.01,,
T,51.18028,6.70773,39,0.6,9.675,8.9,,
T,51.18021,6.70775,39,0,9.683,7.91,,
T,51.18014,6.70776,39,0,9.691,7.82,,
T,51.18007,6.70778,39,0.1,9.698,7.91,,
T,51.18,6.70781,39.2,2.8,9.706,8.07,,
T,51.17992,6.70785,39.5,3.1,9.716,9.33,,
T,51.17983,6.7079,39.9,3.4,9.726,10.61,,
T,51.17942,6.70813,38.7,-2.4,9.775,48.37,,
T,51.17822,6.70881,38.8,0.1,9.917,141.72,,
T,51.17804,6.70891,38.4,-1.9,9.938,21.21,,
T,51.17793,6.70898,39.9,11.2,9.951,13.18,,
T,51.17785,6.70903,40.2,3.4,9.96,9.56,,
T,51.17777,6.70908,40,-1.9,9.97,9.56,,
T,51.17764,6.7092,41,5.6,9.987,16.72,,
T,51.17754,6.7093,41.4,3.1,10,13.14,,
T,51.17744,6.70941,40.7,-5.4,10.013,13.53,,
T,51.17737,6.70949,40.8,0.9,10.023,9.59,,
T,51.17731,6.70957,40.8,0.3,10.032,8.71,,
T,51.17727,6.70963,40.3,-7.9,10.038,6.12,,
T,51.17723,6.70968,39.4,-15.1,10.043,5.66,,
T,51.1772,6.70974,39.8,7.1,10.049,5.36,,
T,51.1771,6.7099,42.2,14.9,10.065,15.78,,
T,51.17706,6.70999,41.7,-6.1,10.072,7.71,,
T,51.17699,6.71011,40.7,-9.3,10.084,11.45,,
T,51.17694,6.71024,40.1,-5.5,10.094,10.66,,
T,51.17688,6.71037,41.5,12.8,10.106,11.28,,
T,51.17684,6.71046,42.2,8.9,10.113,7.71,,
T,51.17681,6.71056,42.5,3.5,10.121,7.75,,
T,51.17677,6.71066,42.3,-2.2,10.129,8.29,,
T,51.17674,6.71075,41.9,-5.7,10.137,7.12,,
T,51.17667,6.71095,41,-5.4,10.153,16.01,,
T,51.17662,6.71108,41.6,5.2,10.163,10.66,,
T,51.17656,6.71123,42.1,4.5,10.176,12.43,,
T,51.17652,6.71132,41.9,-3.4,10.183,7.71,,
T,51.17648,6.71141,41.3,-7.1,10.191,7.71,,
T,51.17644,6.71149,41.2,-2,10.198,7.15,,
T,51.17638,6.7116,41,-1.4,10.208,10.18,,
T,51.17638,6.71161,41,0.4,10.209,0.7,,
T,51.17636,6.71179,41.2,0.9,10.222,12.78,,
T,51.1761,6.71217,41.3,0.3,10.261,39.28,,
T,51.17574,6.71272,42.1,1.6,10.317,55.53,,
T,51.17562,6.71289,42,-0.8,10.335,17.88,,
T,51.17559,6.71295,42,0,10.34,5.36,,
T,51.17553,6.71305,42.3,2.8,10.35,9.67,,
T,51.17537,6.71331,42.8,2,10.375,25.45,,
T,51.17523,6.71355,43.1,1.5,10.398,22.9,,
T,51.17502,6.71392,43,-0.4,10.433,34.86,,
T,51.1745,6.71484,39.5,-4,10.519,86.52,,
T,51.17438,6.71509,39.3,-1.2,10.541,22,,
T,51.1743,6.71527,41.9,17.3,10.557,15.42,,
T,51.17423,6.71544,43.1,8.4,10.571,14.21,,
T,51.17413,6.71564,43.4,1.3,10.589,17.87,,
T,51.17404,6.71585,43.1,-1.3,10.607,17.77,,
T,51.17398,6.71601,43.7,4.6,10.62,13.03,,
T,51.17388,6.71626,44.2,2.4,10.64,20.72,,
T,51.17379,6.71649,39.8,-23.2,10.659,18.95,,
T,51.17371,6.71669,35.9,-23.7,10.676,16.58,,
T,51.17368,6.71678,36.6,10.2,10.683,7.12,,
T,51.17363,6.71692,38.5,16.4,10.694,11.26,,
T,51.17358,6.71707,40.9,20.7,10.706,11.87,,
T,51.17352,6.71724,42.8,13.5,10.72,13.63,,
T,51.17344,6.71746,43.6,4.9,10.738,17.77,,
T,51.17337,6.71769,44.3,3.8,10.755,17.87,,
T,51.1733,6.71792,43.8,-2.7,10.773,17.87,,
T,51.17324,6.71815,43.8,-0.3,10.791,17.42,,
T,51.17315,6.71844,44.8,4.5,10.813,22.62,,
T,51.1731,6.71862,44.5,-2.4,10.827,13.76,,
T,51.17301,6.71896,43.5,-3.7,10.853,25.8,,
T,51.17292,6.71935,44.3,2.8,10.882,29.05,,
T,51.17285,6.71966,44,-1.6,10.905,23.04,,
T,51.17281,6.71983,43.7,-2,10.918,12.69,,
T,51.17271,6.72027,43.5,-0.6,10.95,32.72,,
T,51.17264,6.72063,43.6,0.4,10.977,26.35,,
T,51.17259,6.72089,41.7,-9.9,10.996,19.02,,
T,51.17253,6.72117,39.1,-12.5,11.016,20.69,,
T,51.17248,6.72144,43.4,21.7,11.036,19.69,,
T,51.17237,6.72203,41.6,-4.3,11.079,43.04,,
T,51.17231,6.72241,42.4,2.9,11.107,27.4,,
T,51.17222,6.72296,43,1.5,11.146,39.75,,
T,51.17217,6.72324,41.9,-5.3,11.167,20.36,,
T,51.17217,6.72325,41.9,0,11.167,0.7,,
T,51.17212,6.72352,40.9,-5.1,11.187,19.69,,
T,51.17208,6.72376,41,0.9,11.204,17.36,,
T,51.17208,6.72378,41.1,5.3,11.206,1.4,,
T,51.172,6.72428,41.6,1.5,11.242,36.08,,
T,51.17191,6.72481,41.5,-0.3,11.28,38.4,,
T,51.17183,6.72533,40.7,-2.1,11.318,37.44,,
T,51.1718,6.72545,40.5,-2.9,11.327,9.03,,
T,51.17176,6.72571,40.7,1.3,11.346,18.72,,
T,51.17172,6.72596,40.9,1.1,11.364,18.04,,
T,51.17167,6.72621,41,0.4,11.382,18.35,,
T,51.17163,6.72647,40.6,-2,11.401,18.72,,
T,51.17155,6.72688,39.7,-2.9,11.431,30.02,,
T,51.17145,6.72746,40.2,1.1,11.473,42.06,,
T,51.17139,6.72772,40.8,3,11.492,19.37,,
T,51.17135,6.72797,39.8,-5.3,11.51,18.04,,
T,51.17132,6.7281,39.3,-5.7,11.52,9.69,,
T,51.17127,6.7283,39.1,-1.3,11.535,15.05,,
T,51.17123,6.72848,39.2,0.5,11.548,13.35,,
T,51.17111,6.72902,38.1,-2.6,11.588,40.06,,
T,51.17108,6.72916,36.2,-18.5,11.599,10.34,,
T,51.17098,6.72955,38.2,6.6,11.628,29.46,,
T,51.17093,6.72976,39,5.4,11.644,15.71,,
T,51.17086,6.73001,39,0.1,11.663,19.14,,
T,51.17079,6.73028,39.4,1.7,11.683,20.43,,
T,51.17065,6.73079,39.2,-0.5,11.722,38.92,,
T,51.17051,6.73125,38.9,-0.7,11.758,35.74,,
T,51.17033,6.73182,39,0.2,11.803,44.61,,
T,51.16994,6.73295,38.9,-0.1,11.893,90.16,,
T,51.16973,6.73349,38.6,-0.7,11.937,44.41,,
T,51.1695,6.73403,38.1,-1,11.983,45.62,,
T,51.16935,6.7344,38.4,0.9,12.014,30.79,,
T,51.16926,6.7346,38.3,-0.6,12.031,17.2,,
T,51.16905,6.73507,38.3,0.1,12.071,40.33,,
T,51.16892,6.73534,38,-1.2,12.095,23.79,,
T,51.16873,6.73574,38.4,1,12.13,35.06,,
T,51.16864,6.73596,38.1,-1.6,12.148,18.36,,
T,51.16855,6.73614,38.4,1.9,12.164,16.09,,
T,51.16835,6.73652,38,-1.1,12.199,34.66,,
T,51.16835,6.73653,38,0.3,12.2,0.7,,
T,51.16821,6.7368,38.5,1.8,12.224,24.48,,
T,51.16813,6.73694,38,-3.3,12.238,13.23,,
T,51.16797,6.73721,38.3,1.2,12.263,25.95,,
T,51.16782,6.73748,38.1,-1,12.289,25.2,,
T,51.16771,6.73767,38.7,3.6,12.307,18.07,,
T,51.16749,6.73803,38.2,-1.4,12.342,35.12,,
T,51.16734,6.73826,39.3,4.8,12.365,23.18,,
T,51.16722,6.73845,39,-1.8,12.384,18.84,,
T,51.1671,6.73864,39.4,2,12.403,18.84,,
T,51.16698,6.73882,39.2,-1,12.421,18.35,,
T,51.16687,6.73898,39.5,2,12.438,16.58,,
T,51.16662,6.73933,39.2,-0.8,12.475,37.05,,
T,51.16654,6.73945,39.5,1.8,12.487,12.23,,
T,51.16642,6.7396,39.9,2.5,12.504,16.98,,
T,51.1663,6.73976,40.8,5.4,12.521,17.42,,
T,51.16617,6.73994,40.5,-1.7,12.541,19.18,,
T,51.16605,6.74009,40.6,0.5,12.557,16.98,,
T,51.16597,6.74019,40.6,0.4,12.569,11.32,,
T,51.16578,6.74043,40.4,-1,12.596,26.99,,
T,51.16554,6.74072,40.5,0.3,12.629,33.53,,
T,51.16532,6.74098,40.4,-0.2,12.66,30.49,,
T,51.16514,6.74118,40.9,1.9,12.684,24.43,,
T,51.16488,6.74147,41.6,2.1,12.72,35.33,,
T,51.16465,6.74173,41.6,0,12.751,31.39,,
T,51.16435,6.74205,41.6,0.1,12.791,40.19,,
T,51.16407,6.74234,42,1.1,12.828,37.17,,
T,51.16365,6.74278,42,0,12.884,55.95,,
T,51.1634,6.74303,42.1,0.2,12.917,32.85,,
T,51.16302,6.74342,42.2,0.2,12.967,50.31,,
T,51.16284,6.74359,42.1,-0.2,12.991,23.29,,
T,51.16263,6.7438,43,3.3,13.018,27.6,,
T,51.16217,6.74426,42.8,-0.4,13.079,60.45,,
T,51.1619,6.74453,42.8,0.1,13.114,35.48,,
T,51.16168,6.74476,43.1,1.2,13.144,29.29,,
T,51.16151,6.74493,43.5,1.5,13.166,22.34,,
T,51.16138,6.74505,43.9,2.9,13.183,16.72,,
T,51.16125,6.74519,43.7,-1.5,13.2,17.47,,
T,51.16076,6.74568,43.4,-0.4,13.265,64.39,,
T,51.16057,6.74587,44,2.3,13.289,24.97,,
T,51.1605,6.74594,43,-10.3,13.299,9.2,,
T,51.16035,6.74609,39.7,-17.1,13.318,19.71,,
T,51.1602,6.74623,40.9,6.1,13.338,19.35,,
T,51.15975,6.74669,45,6.9,13.397,59.51,,
T,51.15946,6.74698,45,0,13.435,38.11,,
T,51.1593,6.74714,44.4,-2.9,13.456,21.03,,
T,51.15908,6.74736,44.4,0,13.485,28.91,,
T,51.15892,6.74752,45,3,13.506,21.03,,
T,51.15883,6.74761,44.5,-4.3,13.518,11.83,,
T,51.15873,6.74771,44.4,-0.4,13.531,13.14,,
T,51.15825,6.7482,44.6,0.2,13.595,63.46,,
T,51.15774,6.74872,44.8,0.3,13.662,67.4,,
T,51.15743,6.74904,44.8,0,13.703,41.12,,
T,51.15699,6.74949,45,0.4,13.761,58.2,,
T,51.15632,6.75022,44.8,-0.2,13.852,90.36,,
T,51.15551,6.75107,44.6,-0.2,13.96,107.97,,
T,51.15503,6.75159,44.7,0.1,14.024,64.62,,
T,51.15469,6.75197,44,-1.5,14.071,46.23,,
T,51.1545,6.75218,43.3,-2.6,14.096,25.74,,
T,51.15431,6.75238,40.2,-12.2,14.122,25.35,,
T,51.15416,6.75255,41.4,5.7,14.142,20.49,,
T,51.15388,6.75286,44,6.8,14.18,37.96,,
T,51.1535,6.75329,43.9,-0.1,14.232,51.89,,
T,51.15307,6.75378,43.6,-0.6,14.291,58.85,,
T,51.1528,6.75411,43.8,0.6,14.329,37.89,,
T,51.15272,6.75419,43.8,0,14.339,10.51,,
T,51.15235,6.75464,43.8,0.1,14.391,51.82,,
T,51.15196,6.75511,43.4,-0.8,14.446,54.44,,
T,51.15162,6.75552,43.7,0.6,14.493,47.47,,
T,51.15155,6.75561,43.5,-2.4,14.503,10.02,,
T,51.15128,6.75594,43,-1.2,14.541,37.89,,
T,51.15122,6.75602,43,0,14.55,8.71,,
T,51.15079,6.75657,42.9,-0.2,14.611,61.4,,
T,51.15031,6.75719,42.9,0,14.68,68.8,,
T,51.15008,6.75746,42.8,-0.3,14.712,31.81,,
T,51.14996,6.75762,42.8,-0.1,14.729,17.42,,
T,51.14988,6.75774,42.5,-2.2,14.741,12.24,,
T,51.14959,6.75814,42.7,0.4,14.784,42.71,,
T,51.14938,6.75842,42.9,0.8,14.815,30.49,,
T,51.1489,6.75909,42.7,-0.3,14.886,71.06,,
T,51.14875,6.7593,42,-3.2,14.908,22.24,,
T,51.14863,6.75948,42.1,0.6,14.926,18.35,,
T,51.14838,6.75984,42.5,0.9,14.964,37.52,,
T,51.14824,6.76003,42.3,-0.8,14.984,20.48,,
T,51.14809,6.76025,41.9,-1.6,15.007,22.7,,
T,51.14797,6.76044,41.7,-1,15.026,18.84,,
T,51.14795,6.76047,41.8,0.7,15.029,3.06,,
T,51.14774,6.76075,41.9,0.3,15.059,30.49,,
T,51.14749,6.76113,42,0.4,15.098,38.48,,
T,51.14722,6.76154,42,0,15.139,41.54,,
T,51.14702,6.76184,41.7,-0.9,15.17,30.59,,
T,51.1469,6.76204,41.8,0.6,15.189,19.34,,
T,51.14679,6.76223,41.4,-2.2,15.207,18.07,,
T,51.14643,6.7628,41.1,-0.6,15.264,56.52,,
T,51.14631,6.76301,41.6,2.6,15.284,19.85,,
T,51.14628,6.76305,41.6,-0.1,15.288,4.36,,
T,51.1462,6.76319,41.5,-0.8,15.301,13.24,,
T,51.14605,6.76343,41.7,0.7,15.325,23.68,,
T,51.14594,6.7636,41,-3.6,15.342,17.07,,
T,51.14582,6.76381,41.7,3.3,15.362,19.85,,
T,51.14558,6.76421,41,-1.8,15.401,38.68,,
T,51.14515,6.76493,41,0,15.47,69.48,,
T,51.14494,6.7653,41,0,15.505,34.87,,
T,51.1448,6.76553,41,0,15.527,22.4,,
T,51.14459,6.76589,41,0,15.562,34.36,,
T,51.14436,6.76629,41,0,15.6,37.92,,
T,51.14424,6.76651,40.9,-0.6,15.62,20.38,,
T,51.14412,6.76672,41,0.6,15.64,19.85,,
T,51.14395,6.76702,40.9,-0.2,15.668,28.26,,
T,51.14365,6.76758,41,0,15.72,51.48,,
T,51.14336,6.76812,41,0,15.769,49.69,,
T,51.14321,6.76839,42.2,4.7,15.794,25.21,,
T,51.14314,6.76854,41.8,-3.2,15.808,13.07,,
T,51.14291,6.76896,40.6,-3,15.846,38.97,,
T,51.14279,6.7692,41,1.8,15.868,21.46,,
T,51.14272,6.76934,40.8,-1.7,15.88,12.52,,
T,51.14237,6.77001,41.5,1.2,15.941,60.95,,
T,51.14224,6.77028,41.9,1.7,15.965,23.79,,
T,51.14193,6.77089,41.9,0,16.02,54.88,,
T,51.14183,6.77108,41.6,-2.1,16.037,17.34,,
T,51.14159,6.77156,41.7,0.3,16.08,42.91,,
T,51.14143,6.7719,41.9,0.5,16.11,29.72,,
T,51.14132,6.77212,41.8,-0.6,16.13,19.67,,
T,51.14111,6.77254,43,3.3,16.167,37.55,,
T,51.14091,6.77296,42.6,-1.1,16.204,36.87,,
T,51.14079,6.77319,42.8,0.9,16.225,20.91,,
T,51.14059,6.77361,42.9,0.3,16.262,36.87,,
T,51.14041,6.77397,42.1,-2.3,16.294,32.18,,
T,51.14017,6.77446,42.3,0.3,16.338,43.46,,
T,51.13997,6.77488,43.4,2.9,16.374,36.87,,
T,51.13956,6.77573,42.9,-0.6,16.449,74.96,,
T,51.13945,6.77596,43.4,2.5,16.47,20.22,,
T,51.13936,6.77615,43.3,-0.6,16.486,16.65,,
T,51.13925,6.77637,43,-1.9,16.506,19.67,,
T,51.13913,6.77662,43.6,2.8,16.528,22.01,,
T,51.13874,6.77743,43.3,-0.4,16.599,71.39,,
T,51.13851,6.77789,43.4,0.2,16.64,41.12,,
T,51.13843,6.77807,43.3,-0.6,16.656,15.42,,
T,51.13832,6.77829,43.7,1.9,16.676,19.67,,
T,51.13812,6.77869,43.3,-1.3,16.711,35.76,,
T,51.13801,6.77891,43.5,1.4,16.731,19.67,,
T,51.13757,6.7798,43.3,-0.3,16.81,79.22,,
T,51.13738,6.78018,43.3,-0.2,16.844,33.97,,
T,51.13705,6.78081,43.3,0.1,16.902,57.38,,
T,51.13694,6.78102,44.3,5.2,16.921,19.13,,
T,51.13683,6.78124,43.9,-2.2,16.94,19.67,,
T,51.13662,6.78163,44.4,1.4,16.976,35.93,,
T,51.13628,6.78226,43.8,-1,17.034,58.1,,
T,51.13594,6.78287,43,-1.3,17.091,57.04,,
T,51.13572,6.78327,43.4,1,17.129,37.19,,
T,51.13561,6.78347,43.4,0,17.147,18.59,,
T,51.1355,6.78365,43.6,1.3,17.165,17.56,,
T,51.13526,6.78406,43.5,-0.4,17.204,39.2,,
T,51.13492,6.78463,42.6,-1.6,17.259,54.98,,
T,51.1348,6.78484,42.5,-0.8,17.279,19.86,,
T,51.13457,6.78521,42.9,1.1,17.315,36.41,,
T,51.13444,6.78541,43,0.6,17.335,20.13,,
T,51.13408,6.78599,42.3,-1.2,17.392,57.03,,
T,51.13383,6.78637,42,-0.8,17.431,38.48,,
T,51.1336,6.78672,42,0,17.466,35.42,,
T,51.13346,6.78692,42,0,17.487,20.94,,
T,51.13332,6.78712,42.1,0.3,17.508,20.94,,
T,51.13285,6.78779,42,-0.1,17.578,70.24,,
T,51.13259,6.78816,42,0,17.617,38.83,,
T,51.13234,6.78849,41.7,-0.9,17.653,36.15,,
T,51.13224,6.78862,41.1,-4.3,17.668,14.37,,
T,51.13165,6.78937,41,-0.1,17.752,84.05,,
T,51.13115,6.78999,41,0,17.822,70.55,,
T,51.13078,6.79042,41,0,17.873,50.99,,
T,51.13073,6.79049,41,0,17.881,7.41,,
T,51.13032,6.79096,40.5,-0.9,17.937,56.24,,
T,51.13003,6.79128,40.6,0.3,17.976,39.28,,
T,51.12984,6.79148,40.6,0.1,18.002,25.35,,
T,51.12965,6.79168,41.3,2.6,18.027,25.35,,
T,51.12958,6.79176,41.5,2.3,18.037,9.59,,
T,51.12948,6.79186,41.4,-1.1,18.05,13.14,,
T,51.12937,6.79197,41,-2.4,18.064,14.46,,
T,51.12908,6.79227,41,0,18.103,38.5,,
T,51.12891,6.79244,41,0,18.125,22.35,,
T,51.12874,6.79261,41,0,18.147,22.35,,
T,51.12859,6.79276,41.1,0.4,18.167,19.72,,
T,51.12843,6.79291,41.3,1.3,18.188,20.67,,
T,51.12831,6.79302,41.2,-0.9,18.203,15.41,,
T,51.12822,6.79311,41.3,1.1,18.215,11.83,,
T,51.12803,6.79329,41.2,-0.3,18.24,24.61,,
T,51.12788,6.79342,41.4,1,18.259,19.01,,
T,51.1277,6.79359,41.1,-1.4,18.282,23.29,,
T,51.12761,6.79367,41.1,-0.3,18.293,11.47,,
T,51.1271,6.79412,41.1,0.1,18.358,64.9,,
T,51.12684,6.79434,41.5,1.2,18.391,32.77,,
T,51.1267,6.79446,41.2,-2.1,18.409,17.7,,
T,51.12652,6.79461,41.8,2.9,18.431,22.61,,
T,51.12624,6.79483,42,0.5,18.466,34.75,,
T,51.12609,6.79495,42,0.1,18.485,18.68,,
T,51.12605,6.79499,42,-0.1,18.49,5.26,,
T,51.1259,6.7951,42,0,18.508,18.38,,
T,51.1258,6.79517,42.1,0.8,18.521,12.16,,
T,51.12561,6.79532,42,-0.4,18.544,23.6,,
T,51.12546,6.79543,42,0,18.563,18.38,,
T,51.12501,6.79576,42.7,1.3,18.618,55.14,,
T,51.12455,6.79607,43,0.5,18.673,55.59,,
T,51.12406,6.7964,43,0,18.732,59.21,,
T,51.12379,6.79657,43.7,2,18.765,32.31,,
T,51.12339,6.79681,44,0.7,18.812,47.57,,
T,51.123,6.79705,44,0,18.859,46.53,,
T,51.12265,6.79725,44,0.1,18.9,41.38,,
T,51.12246,6.79736,44.5,2,18.923,22.5,,
T,51.12231,6.79744,44.8,1.6,18.94,17.6,,
T,51.12214,6.79752,45,1.1,18.96,19.72,,
T,51.122,6.7976,45,0,18.977,16.55,,
T,51.12194,6.79763,45,-0.2,18.984,7,,
T,51.12186,6.79768,44.8,-2.1,18.993,9.56,,
T,51.1216,6.79781,45,0.7,19.023,30.32,,
T,51.12156,6.79783,45,0,19.028,4.67,,
T,51.12149,6.79786,45,0,19.036,8.07,,
T,51.12142,6.79789,45,0,19.044,8.07,,
T,51.12132,6.79794,44.9,-0.5,19.056,11.66,,
T,51.12125,6.79798,45.1,1.9,19.064,8.28,,
T,51.12103,6.79808,45.7,2.3,19.09,25.46,,
T,51.12071,6.79823,45.3,-1,19.127,37.12,,
T,51.12055,6.79829,45.5,1.2,19.145,18.29,,
T,51.12045,6.79834,46,3.9,19.157,11.66,,
T,51.12033,6.79839,46,-0.2,19.171,13.8,,
T,51.11951,6.79872,46.4,0.5,19.265,94.11,,
T,51.11944,6.79875,46.5,0.4,19.273,8.07,,
T,51.11939,6.79877,46.3,-2.7,19.278,5.74,,
T,51.11917,6.79885,46.4,0.5,19.304,25.11,,
T,51.11902,6.79891,47,3.5,19.321,17.21,,
T,51.11871,6.79902,47.1,0.3,19.356,35.34,,
T,51.11857,6.79906,47.1,-0.1,19.372,15.82,,
T,51.1184,6.79912,47.4,1.5,19.391,19.37,,
T,51.11823,6.79917,48,3,19.411,19.23,,
T,51.11788,6.79928,47.6,-0.9,19.45,39.69,,
T,51.11771,6.79932,47.3,-1.5,19.469,19.12,,
T,51.11762,6.79935,47.3,-0.6,19.48,10.23,,
T,51.11755,6.79937,47.3,0.2,19.487,7.91,,
T,51.11743,6.7994,47.5,1.4,19.501,13.51,,
T,51.11723,6.79946,48,2.3,19.524,22.64,,
T,51.11692,6.79953,47,-2.9,19.558,34.83,,
T,51.11689,6.79954,46.5,-15.6,19.562,3.41,,
T,51.11665,6.7996,43,-12.8,19.589,27.03,,
T,51.11566,6.79979,49.2,5.5,19.7,110.94,,
T,51.11535,6.79985,49.1,-0.3,19.735,34.74,,
T,51.11502,6.79989,48.8,-0.6,19.771,36.82,,
T,51.1148,6.79992,48.9,0.4,19.796,24.57,,
T,51.11447,6.79996,49.3,1,19.833,36.82,,
T,51.1143,6.79998,49.6,1.6,19.852,18.96,,
T,51.11409,6.80001,50,1.7,19.875,23.46,,
T,51.11394,6.80002,50,0,19.892,16.7,,
T,51.11377,6.80003,50,0,19.911,18.93,,
T,51.11366,6.80004,50,0,19.923,12.26,,
T,51.11362,6.80004,50,0,19.928,4.45,,
T,51.11356,6.80005,50,0,19.934,6.71,,
T,51.11308,6.80007,50,0,19.988,53.42,,
T,51.11265,6.80009,49.3,-1.4,20.036,47.86,,
T,51.11229,6.8001,49.4,0.1,20.076,40.06,,
T,51.11199,6.8001,49.4,0,20.109,33.38,,
T,51.11182,6.80011,49.4,0.2,20.128,18.93,,
T,51.11168,6.80011,49.4,0,20.143,15.58,,
T,51.11166,6.80011,49.4,0,20.146,2.23,,
T,51.11115,6.8001,49.4,-0.1,20.202,56.74,,
T,51.11086,6.8001,49.9,1.8,20.235,32.26,,
T,51.11062,6.8001,47.1,-10.8,20.261,26.7,,
T,51.11046,6.80009,45.6,-8,20.279,17.81,,
T,51.11029,6.80009,45.1,-3,20.298,18.91,,
T,51.11017,6.80009,46.6,11.2,20.311,13.35,,
T,51.11,6.80009,49,12.9,20.33,18.91,,
T,51.10969,6.80008,49.3,0.7,20.365,34.49,,
T,51.1092,6.80007,49,-0.5,20.419,54.52,,
T,51.10902,6.80007,49,0,20.439,20.03,,
T,51.10889,6.80006,49,0,20.454,14.48,,
T,51.10872,6.80006,49,0,20.473,18.91,,
T,51.10867,6.80006,49,0,20.478,5.56,,
T,51.10849,6.80006,49,0,20.498,20.03,,
T,51.10831,6.80006,49,0,20.518,20.03,,
T,51.10823,6.80006,49,0,20.527,8.9,,
T,51.10813,6.80006,49,0,20.538,11.13,,
T,51.10786,6.80006,49,0,20.569,30.04,,
T,51.10764,6.80006,48.9,-0.4,20.593,24.48,,
T,51.10749,6.80006,48.8,-0.8,20.61,16.69,,
T,51.10741,6.80006,48.5,-2.5,20.619,8.9,,
T,51.107,6.80006,48,-1.2,20.664,45.61,,
T,51.10687,6.80006,48,0,20.679,14.46,,
T,51.10651,6.80007,47.4,-1.4,20.719,40.06,,
T,51.10639,6.80007,47,-3.2,20.732,13.35,,
T,51.10604,6.80009,47,0,20.771,38.96,,
T,51.10541,6.80013,46.5,-0.8,20.841,70.14,,
T,51.10476,6.80019,46.1,-0.5,20.914,72.43,,
T,51.10424,6.80025,45.7,-0.6,20.972,58,,
T,51.10414,6.80027,45.8,0.9,20.983,11.21,,
T,51.10382,6.80031,45,-2.3,21.019,35.71,,
T,51.10367,6.80034,45,0,21.035,16.82,,
T,51.10349,6.80037,44.7,-1.4,21.055,20.13,,
T,51.10318,6.80042,44.5,-0.6,21.09,34.66,,
T,51.10265,6.80053,44.4,-0.2,21.15,59.46,,
T,51.10253,6.80056,44.1,-2.2,21.163,13.51,,
T,51.10239,6.80059,44,-0.7,21.179,15.72,,
T,51.10235,6.8006,44,0,21.183,4.5,,
T,51.1022,6.80063,43.9,-0.4,21.2,16.82,,
T,51.10201,6.80068,43.6,-1.7,21.222,21.43,,
T,51.10187,6.80071,43.4,-0.9,21.237,15.72,,
T,51.10185,6.80072,43.5,0.7,21.24,2.33,,
T,51.10155,6.8008,44.1,1.8,21.273,33.84,,
T,51.1015,6.80081,44.1,1.3,21.279,5.61,,
T,51.10138,6.80085,44,-1.2,21.293,13.64,,
T,51.10132,6.80086,43.8,-3.2,21.299,6.71,,
T,51.10107,6.80094,43,-2.7,21.328,28.37,,
T,51.10093,6.80098,43,0,21.344,15.83,,
T,51.10076,6.80103,42.9,-0.4,21.363,19.23,,
T,51.10059,6.80109,42.9,0.1,21.382,19.37,,
T,51.10044,6.80114,42.9,0,21.399,17.05,,
T,51.10043,6.80114,42.9,0.4,21.4,1.11,,
T,51.10027,6.80119,43,0.2,21.419,18.14,,
T,51.10022,6.80121,42.9,-2,21.424,5.74,,
T,51.09994,6.80131,42.7,-0.7,21.456,31.93,,
T,51.09979,6.80137,42.9,1.3,21.473,17.21,,
T,51.09974,6.80138,42.9,1,21.479,5.61,,
T,51.09963,6.80142,42.9,-0.1,21.492,12.55,,
T,51.09946,6.80149,43,0.3,21.511,19.54,,
T,51.09938,6.80152,42.9,-1.1,21.52,9.14,,
T,51.09916,6.80161,42.8,-0.3,21.546,25.27,,
T,51.09909,6.80164,42.9,1.3,21.554,8.07,,
T,51.09899,6.80168,43,0.4,21.565,11.47,,
T,51.09877,6.80177,42.6,-1.3,21.59,25.27,,
T,51.09817,6.80203,42.7,0.1,21.66,69.19,,
T,51.09816,6.80204,42.7,-2.7,21.661,1.31,,
T,51.098,6.80211,42.3,-1.8,21.679,18.46,,
T,51.09782,6.80219,42,-1.5,21.7,20.79,,
T,51.09767,6.80226,42,-0.1,21.717,17.39,,
T,51.09745,6.80238,42,0,21.743,25.88,,
T,51.09727,6.80247,42,0,21.764,20.99,,
T,51.09697,6.80263,42,0,21.8,35.21,,
T,51.09682,6.80271,42,0,21.817,17.6,,
T,51.09665,6.8028,42,0,21.837,19.94,,
T,51.09635,6.80296,42,0.1,21.872,35.21,,
T,51.09621,6.80305,42.6,3.4,21.889,16.8,,
T,51.09605,6.80314,42.6,0,21.908,18.88,,
T,51.09595,6.8032,42.5,-0.9,21.92,11.89,,
T,51.09557,6.80343,43,1.1,21.965,45.24,,
T,51.09522,6.80364,43,0,22.007,41.62,,
T,51.09514,6.80369,43,0,22.016,9.56,,
T,51.09464,6.80402,43,0,22.077,60.24,,
T,51.09409,6.8044,43.5,0.8,22.143,66.73,,
T,51.09393,6.80451,44,2.3,22.163,19.4,,
T,51.09367,6.80471,44,0.1,22.195,32.14,,
T,51.09343,6.80488,44,0,22.224,29.24,,
T,51.09322,6.80504,43.9,-0.3,22.25,25.91,,
T,51.093,6.80521,44,0.1,22.277,27.22,,
T,51.09255,6.80556,44.8,1.5,22.333,55.74,,
T,51.09225,6.80581,44.8,0.1,22.371,37.69,,
T,51.09183,6.80617,44.6,-0.5,22.424,53.1,,
T,51.09143,6.80653,44.9,0.7,22.475,51.15,,
T,51.09128,6.80666,45,0.2,22.494,19.01,,
T,51.09109,6.80683,45,0,22.518,24.26,,
T,51.09091,6.807,45.5,2.3,22.541,23.3,,
T,51.09024,6.80764,45.9,0.4,22.628,86.98,,
T,51.08972,6.80817,46,0.2,22.697,68.74,,
T,51.08964,6.80824,45.7,-2.8,22.707,10.16,,
T,51.08949,6.8084,45.9,1.1,22.727,20.1,,
T,51.08911,6.80879,45.8,-0.3,22.778,50.34,,
T,51.0889,6.80902,46.4,2.2,22.806,28.38,,
T,51.08867,6.80926,46.3,-0.5,22.837,30.62,,
T,51.08815,6.80982,46.3,0.1,22.907,69.9,,
T,51.08807,6.80992,46.7,2.8,22.918,11.33,,
T,51.08778,6.81025,46.8,0.4,22.958,39.69,,
T,51.08748,6.81058,46.7,-0.2,22.998,40.6,,
T,51.08708,6.81104,45.5,-2.3,23.053,54.95,,
T,51.08693,6.81121,43.7,-8.6,23.074,20.5,,
T,51.08686,6.81129,43.9,2.5,23.083,9.6,,
T,51.0868,6.81137,44.5,6.6,23.092,8.72,,
T,51.08582,6.81251,44.7,0.1,23.227,135.15,,
T,51.08573,6.81262,43.2,-11.5,23.24,12.64,,
T,51.08563,6.81273,44.2,7.3,23.253,13.53,,
T,51.08491,6.81358,45.6,1.4,23.353,99.82,,
T,51.08464,6.81391,45.7,0.2,23.391,37.91,,
T,51.08435,6.81425,45.3,-0.9,23.431,40.11,,
T,51.08403,6.81463,45,-0.7,23.476,44.46,,
T,51.08402,6.81465,45,-1.1,23.477,1.79,,
T,51.08384,6.81486,45.3,1.3,23.502,24.85,,
T,51.0837,6.81502,45.3,0,23.522,19.19,,
T,51.08361,6.81514,45.5,1.3,23.535,13.07,,
T,51.08333,6.81549,45,-1.3,23.574,39.65,,
T,51.08307,6.81581,44.9,-0.3,23.611,36.6,,
T,51.08291,6.81599,44.8,-0.5,23.633,21.82,,
T,51.08273,6.8162,44.7,-0.2,23.657,24.85,,
T,51.08214,6.81685,43.9,-1,23.737,79.89,,
T,51.08192,6.81711,44,0.3,23.768,30.51,,
T,51.08179,6.81728,44,0,23.787,18.74,,
T,51.08151,6.81761,43.7,-0.9,23.825,38.8,,
T,51.0814,6.81775,43.9,1.6,23.841,15.68,,
T,51.08099,6.81829,43.6,-0.6,23.9,59.27,,
T,51.08044,6.81895,43.5,0,23.977,76.7,,
T,51.08016,6.81928,43.3,-0.7,24.016,38.8,,
T,51.07998,6.81949,43.8,2.1,24.041,24.85,,
T,51.07959,6.81994,43,-1.4,24.094,53.64,,
T,51.07948,6.82008,43,0,24.11,15.68,,
T,51.07946,6.8201,43,0,24.113,2.63,,
T,51.07921,6.82039,43,0,24.147,34.45,,
T,51.07908,6.82054,43,0,24.165,17.88,,
T,51.07895,6.8207,43.4,2.2,24.183,18.3,,
T,51.07878,6.82088,44.8,5.9,24.206,22.73,,
T,51.07869,6.82099,44.8,0.2,24.219,12.64,,
T,51.07855,6.82114,43.7,-5.7,24.237,18.79,,
T,51.07841,6.8213,43.6,-0.7,24.257,19.19,,
T,51.07829,6.82144,43.7,0.8,24.273,16.57,,
T,51.07822,6.82151,43.5,-2.2,24.282,9.2,,
T,51.07815,6.82159,43.6,0.6,24.292,9.6,,
T,51.078,6.82176,43.9,1.4,24.313,20.5,,
T,51.07763,6.82217,43.9,0.1,24.363,50.2,,
T,51.07723,6.82261,44,0.2,24.417,54.14,,
T,51.07696,6.82289,44,0,24.453,35.88,,
T,51.07685,6.823,44,0.2,24.467,14.46,,
T,51.07682,6.82304,44,0,24.472,4.36,,
T,51.07668,6.82319,44,-0.1,24.49,18.79,,
T,51.07655,6.82333,44,0.1,24.508,17.48,,
T,51.07641,6.82347,44,0,24.526,18.41,,
T,51.07612,6.82377,44.6,1.4,24.565,38.51,,
T,51.07586,6.82404,44.5,-0.1,24.599,34.56,,
T,51.07546,6.82444,45,0.9,24.652,52.59,,
T,51.07512,6.82478,45,0,24.697,44.7,,
T,51.07496,6.82493,45,-0.2,24.717,20.67,,
T,51.0748,6.82508,45,0.2,24.738,20.67,,
T,51.07453,6.82535,45,0,24.773,35.5,,
T,51.07421,6.82564,45,0,24.814,40.99,,
T,51.07407,6.82577,44.9,-0.4,24.832,18.04,,
T,51.07364,6.82616,45.2,0.6,24.888,55.1,,
T,51.07352,6.82626,45.5,1.9,24.903,15.08,,
T,51.07336,6.82639,46,2.3,24.923,20,,
T,51.07308,6.82663,45.9,-0.3,24.958,35.4,,
T,51.07279,6.82686,45.7,-0.5,24.994,36.07,,
T,51.07271,6.82693,45.7,0.1,25.004,10.16,,
T,51.0723,6.82725,46,0.5,25.055,50.83,,
T,51.07219,6.82734,45.9,-0.3,25.069,13.77,,
T,51.07206,6.82744,45.9,-0.4,25.085,16.07,,
T,51.07192,6.82755,45.9,0.4,25.102,17.38,,
T,51.07176,6.82767,46.1,1,25.122,19.69,,
T,51.07164,6.82777,46.8,4,25.137,15.08,,
T,51.0715,6.82787,46.1,-4,25.154,17.08,,
T,51.07134,6.82799,46.4,1.5,25.174,19.69,,
T,51.07092,6.8283,46.7,0.7,25.225,51.53,,
T,51.07076,6.82841,46.6,-0.5,25.245,19.4,,
T,51.07062,6.82852,46.5,-0.7,25.262,17.38,,
T,51.07043,6.82865,46.5,0.2,25.285,23.02,,
T,51.07031,6.82873,46.4,-0.6,25.3,14.48,,
T,51.07018,6.82882,46.6,0.8,25.315,15.78,,
T,51.06999,6.82895,46.9,1.6,25.338,23.02,,
T,51.0699,6.82902,46.6,-2.9,25.35,11.15,,
T,51.06975,6.82911,46.6,0.1,25.367,17.84,,
T,51.06958,6.82923,46.6,-0.1,25.388,20.7,,
T,51.06943,6.82933,47.1,2.7,25.406,18.1,,
T,51.06928,6.82942,47.2,0.4,25.424,17.84,,
T,51.06913,6.82952,46.8,-1.9,25.442,18.1,,
T,51.06852,6.82989,47.3,0.7,25.515,72.65,,
T,51.06836,6.82998,47.8,2.4,25.534,18.88,,
T,51.0682,6.83007,47.6,-0.8,25.553,18.88,,
T,51.06805,6.83015,47.5,-0.7,25.57,17.6,,
T,51.0679,6.83024,47.7,1.1,25.588,17.84,,
T,51.06777,6.83031,48,1.7,25.603,15.27,,
T,51.06765,6.83038,47.7,-1.9,25.618,14.22,,
T,51.06758,6.83041,47.6,-1,25.626,8.07,,
T,51.06751,6.83045,47.6,0.1,25.634,8.28,,
T,51.06741,6.8305,47.7,0.3,25.646,11.66,,
T,51.06729,6.83056,48,2.3,25.66,14,,
T,51.06714,6.83064,47.9,-0.6,25.677,17.6,,
T,51.06684,6.83079,48.6,2.1,25.712,34.99,,
T,51.06669,6.83087,49,2,25.73,17.6,,
T,51.06658,6.83092,48.6,-3.3,25.742,12.73,,
T,51.06637,6.83102,48.3,-1,25.767,24.39,,
T,51.06607,6.83116,48.9,1.6,25.802,34.79,,
T,51.06587,6.83125,48.6,-1.3,25.825,23.13,,
T,51.06582,6.83127,48.5,-0.6,25.831,5.74,,
T,51.06546,6.83143,48.7,0.4,25.872,41.59,,
T,51.06541,6.83146,48.6,-1.6,25.878,5.95,,
T,51.06497,6.83164,49.5,1.8,25.929,50.55,,
T,51.06446,6.83185,49,-0.8,25.987,58.62,,
T,51.06433,6.8319,49.5,2.9,26.002,14.88,,
T,51.0636,6.83216,49.3,-0.2,26.085,83.23,,
T,51.063,6.83235,49.8,0.7,26.153,68.07,,
T,51.06238,6.83253,50,0.3,26.224,70.12,,
T,51.06206,6.83262,49.3,-1.8,26.26,36.15,,
T,51.0616,6.83274,49.3,0,26.312,51.86,,
T,51.06145,6.83278,49.2,-0.7,26.328,16.92,,
T,51.0613,6.83282,49.2,0.1,26.345,16.92,,
T,51.06081,6.83293,50,1.5,26.4,55.05,,
T,51.06011,6.83309,50,0,26.479,78.68,,
T,51.05976,6.83316,49.1,-2.2,26.518,39.25,,
T,51.05938,6.83323,44,-12,26.561,42.56,,
T,51.05901,6.8333,48.6,11.1,26.602,41.45,,
T,51.05866,6.83336,50,3.6,26.642,39.16,,
T,51.0585,6.83339,50,0,26.659,17.92,,
T,51.05822,6.83344,49.9,-0.3,26.691,31.35,,
T,51.05786,6.83349,49.8,-0.2,26.731,40.2,,
T,51.05757,6.83354,50,0.7,26.763,32.45,,
T,51.0574,6.83356,50.2,0.8,26.782,18.96,,
T,51.0571,6.8336,50.4,0.5,26.816,33.49,,
T,51.05684,6.83364,50,-1.2,26.845,29.06,,
T,51.05675,6.83365,50,0,26.855,10.04,,
T,51.05661,6.83367,49.8,-1,26.871,15.64,,
T,51.05634,6.8337,49.3,-1.7,26.901,30.11,,
T,51.05579,6.83377,49.1,-0.4,26.962,61.38,,
T,51.0557,6.83378,49,-0.5,26.972,10.04,,
T,51.05553,6.83381,49.1,0.5,26.991,19.03,,
T,51.05473,6.8339,50,0.9,27.08,89.22,,
T,51.05414,6.83397,48.9,-1.6,27.146,65.82,,
T,51.05302,6.8341,47.7,-1,27.271,124.93,,
T,51.05285,6.83412,46.4,-7.2,27.29,18.96,,
T,51.05266,6.83414,47,3,27.311,21.18,,
T,51.0524,6.83417,49,6.8,27.34,29,,
T,51.05192,6.83422,48,-1.8,27.394,53.51,,
T,51.0516,6.83426,48,0,27.43,35.71,,
T,51.05114,6.83431,47.6,-0.8,27.481,51.29,,
T,51.05097,6.83434,47.4,-0.7,27.5,19.03,,
T,51.05079,6.83436,47.4,-0.2,27.52,20.07,,
T,51.05031,6.83442,47.7,0.7,27.574,53.57,,
T,51.04985,6.83447,48,0.4,27.625,51.29,,
T,51.04956,6.83452,48,0.1,27.657,32.45,,
T,51.04938,6.83454,48,0,27.677,20.07,,
T,51.04921,6.83457,48,0,27.696,19.03,,
T,51.0492,6.83457,48,0,27.697,1.11,,
T,51.04887,6.83461,47.6,-1.1,27.734,36.82,,
T,51.04874,6.83462,47.6,0.2,27.749,14.48,,
T,51.04869,6.83463,47.7,0.6,27.754,5.61,,
T,51.04853,6.83466,47.7,0.2,27.772,17.92,,
T,51.04842,6.83467,47.7,-0.2,27.785,12.26,,
T,51.04795,6.83475,47.9,0.5,27.837,52.59,,
T,51.04789,6.83476,47.9,0.1,27.844,6.71,,
T,51.04784,6.83477,48,0.3,27.849,5.61,,
T,51.04772,6.83479,47.8,-0.9,27.863,13.42,,
T,51.04762,6.83481,47.6,-2.1,27.874,11.21,,
T,51.04746,6.83484,47.4,-1,27.892,17.92,,
T,51.04735,6.83485,47.5,0.3,27.904,12.26,,
T,51.0471,6.8349,47.6,0.6,27.932,28.03,,
T,51.04685,6.83495,47.5,-0.4,27.96,28.03,,
T,51.04628,6.83506,47,-0.8,28.024,63.88,,
T,51.04623,6.83507,47,0,28.03,5.61,,
T,51.04601,6.83512,47,0,28.055,24.72,,
T,51.04596,6.83513,47,0,28.06,5.61,,
T,51.0459,6.83514,47,0,28.067,6.71,,
T,51.0458,6.83516,47,0,28.078,11.21,,
T,51.04553,6.83522,47,0.1,28.108,30.33,,
T,51.04548,6.83524,47,0.3,28.114,5.74,,
T,51.04537,6.83526,47,0,28.126,12.32,,
T,51.04532,6.83527,47,-0.3,28.132,5.61,,
T,51.04489,6.83537,47,0,28.18,48.35,,
T,51.04455,6.83546,47.2,0.6,28.219,38.35,,
T,51.04441,6.8355,47.3,0.5,28.235,15.83,,
T,51.04436,6.83551,47.4,1.1,28.24,5.61,,
T,51.0441,6.83559,47,-1.2,28.27,29.46,,
T,51.04393,6.83564,47,0,28.289,19.23,,
T,51.04389,6.83565,47,0,28.293,4.5,,
T,51.04338,6.83579,47.5,0.8,28.351,57.58,,
T,51.04312,6.83588,47.2,-0.9,28.381,29.61,,
T,51.04299,6.83592,46.9,-1.9,28.395,14.73,,
T,51.04268,6.83602,47.2,0.9,28.431,35.19,,
T,51.04237,6.83613,47.5,0.8,28.466,35.34,,
T,51.04224,6.83617,47,-3,28.481,14.73,,
T,51.04205,6.83624,47,-0.4,28.502,21.7,,
T,51.04187,6.8363,47.3,1.6,28.523,20.46,,
T,51.04177,6.83634,47.5,2.3,28.534,11.47,,
T,51.04169,6.83638,47.9,4,28.544,9.33,,
T,51.04137,6.8365,47.4,-1.5,28.58,36.58,,
T,51.04125,6.83655,47.4,0.1,28.594,13.8,,
T,51.04112,6.8366,47.5,1.1,28.609,14.88,,
T,51.04094,6.83667,48,2.3,28.629,20.62,,
T,51.04081,6.83673,47.9,-0.4,28.645,15.06,,
T,51.0406,6.83682,47.6,-1.3,28.669,24.2,,
T,51.04044,6.83689,47.7,0.5,28.687,18.46,,
T,51.04023,6.83698,47.7,0.1,28.711,24.2,,
T,51.04011,6.83704,47.5,-2,28.725,14,,
T,51.03999,6.83709,47.5,0.5,28.739,13.8,,
T,51.03976,6.83721,48,1.7,28.766,26.94,,
T,51.03946,6.83736,49,3,28.801,34.99,,
T,51.03929,6.83744,48.3,-3.7,28.821,19.73,,
T,51.0387,6.83774,47.7,-0.9,28.89,68.93,,
T,51.03839,6.83791,47.6,-0.3,28.926,36.49,,
T,51.03792,6.83818,47.7,0.3,28.982,55.61,,
T,51.03785,6.83822,47.7,-0.4,28.99,8.28,,
T,51.03784,6.83822,47.7,-1.3,28.991,1.11,,
T,51.03725,6.83857,47.9,0.3,29.061,70.08,,
T,51.03666,6.83894,48,0.1,29.132,70.58,,
T,51.03641,6.8391,47.6,-1.4,29.162,29.99,,
T,51.03606,6.83933,47.5,-0.1,29.204,42.15,,
T,51.03576,6.83953,47.8,0.8,29.24,36.2,,
T,51.03545,6.83975,47.6,-0.6,29.278,37.78,,
T,51.03495,6.8401,47.2,-0.6,29.339,60.8,,
T,51.03466,6.84032,47.5,0.7,29.375,35.76,,
T,51.03369,6.84108,47.1,-0.3,29.495,120.36,,
T,51.03282,6.84181,47,-0.1,29.604,109.5,,
T,51.03217,6.8424,47.5,0.5,29.688,83.32,,
T,51.03211,6.84245,47.4,-0.5,29.695,7.54,,
T,51.03186,6.84268,47.6,0.7,29.727,32.15,,
T,51.0318,6.84274,47.7,1.4,29.735,7.89,,
T,51.03165,6.84289,47.5,-1.1,29.755,19.73,,
T,51.03131,6.84322,46.9,-1.4,29.799,44.35,,
T,51.03075,6.84377,47.1,0.4,29.873,73.28,,
T,51.03025,6.84429,47.3,0.3,29.939,66.52,,
T,51.03022,6.84432,47.3,0,29.943,3.95,,
T,51.02994,6.84462,47.4,0.2,29.981,37.59,,
T,51.02955,6.84505,47.4,-0.1,30.034,52.84,,
T,51.02915,6.84549,47.4,0.1,30.088,54.16,,
T,51.02897,6.8457,47.2,-1,30.113,24.86,,
T,51.02883,6.84587,47.5,1.8,30.132,19.62,,
T,51.02862,6.8461,47.9,1.3,30.161,28.39,,
T,51.02848,6.84628,47.6,-1.3,30.181,20.05,,
T,51.0282,6.84662,47.8,0.5,30.22,39.23,,
T,51.02775,6.8472,47.7,-0.2,30.284,64.51,,
T,51.0274,6.84763,47.6,-0.2,30.334,49.26,,
T,51.0271,6.84801,47.9,0.6,30.376,42.72,,
T,51.02698,6.84817,48.3,2.6,30.394,17.44,,
T,51.02695,6.84821,48.5,5.2,30.398,4.36,,
T,51.02674,6.84849,48.2,-1.1,30.429,30.52,,
T,51.02659,6.84868,48.4,0.9,30.45,21.36,,
T,51.02648,6.84883,48.5,0.3,30.466,16.14,,
T,51.02635,6.84902,48.9,2,30.486,19.67,,
T,51.02604,6.84945,48.7,-0.3,30.532,45.82,,
T,51.02574,6.84988,48.9,0.3,30.577,44.99,,
T,51.02539,6.85038,48.6,-0.4,30.629,52.41,,
T,51.02458,6.85157,48.8,0.2,30.752,122.84,,
T,51.02435,6.85192,48.9,0.3,30.787,35.46,,
T,51.02401,6.85244,48.8,-0.4,30.84,52.55,,
T,51.02398,6.85248,48.9,3.4,30.844,4.36,,
T,51.02366,6.85298,49.4,0.9,30.894,49.98,,
T,51.02347,6.85328,48.9,-1.6,30.924,29.83,,
T,51.02338,6.85342,49.2,1.8,30.938,14.03,,
T,51.02337,6.85344,49.2,4.3,30.94,1.79,,
T,51.02334,6.85348,49.5,5.9,30.944,4.36,,
T,51.02327,6.85359,49,-4.5,30.955,10.96,,
T,51.02305,6.85393,49,0.1,30.989,34.18,,
T,51.02298,6.85405,48.6,-4,31.001,11.47,,
T,51.02266,6.85456,48.3,-0.5,31.051,50.48,,
T,51.02261,6.85464,48.4,0.7,31.059,7.9,,
T,51.02222,6.85526,47.9,-0.8,31.121,61.44,,
T,51.02207,6.85551,45.7,-9,31.145,24.21,,
T,51.02192,6.85577,48.3,10.6,31.17,24.72,,
T,51.02161,6.85627,49.2,1.7,31.219,49.19,,
T,51.02138,6.85664,49.6,1.3,31.255,36.45,,
T,51.02009,6.85875,49.7,0,31.462,206.19,,
T,51.01957,6.85961,49.5,-0.2,31.545,83.59,,
T,51.01943,6.85983,50.2,3.1,31.567,21.93,,
T,51.01936,6.85995,49.9,-3,31.579,11.47,,
T,51.01823,6.86177,48.6,-0.7,31.758,179.2,,
T,51.01811,6.86196,47.5,-5.8,31.777,18.87,,
T,51.01798,6.86216,48.8,6.8,31.797,20.15,,
T,51.01721,6.86338,50.8,1.6,31.918,121.11,,
T,51.01682,6.86398,49.5,-2.2,31.978,60.46,,
T,51.01668,6.8642,50.1,2.8,32,21.93,,
T,51.01636,6.86469,50.4,0.6,32.05,49.49,,
T,51.01624,6.86488,49.5,-4.5,32.069,18.87,,
T,51.01602,6.86522,49.3,-0.7,32.103,34.18,,
T,51.01588,6.86543,49.1,-1,32.124,21.44,,
T,51.01564,6.86579,49.7,1.7,32.161,36.76,,
T,51.01544,6.86609,49.1,-1.9,32.192,30.63,,
T,51.01505,6.86668,49.2,0.1,32.252,59.97,,
T,51.01465,6.86727,49.2,0,32.312,60.78,,
T,51.01451,6.86748,48.9,-1.3,32.334,21.44,,
T,51.01414,6.86802,49.5,1,32.39,55.95,,
T,51.01401,6.86821,48.7,-4,32.409,19.67,,
T,51.01374,6.86861,48.5,-0.6,32.451,41.11,,
T,51.01364,6.86873,48.4,-0.1,32.465,13.95,,
T,51.01357,6.86883,48.5,0.8,32.475,10.48,,
T,51.01342,6.86904,48.4,-0.7,32.497,22.26,,
T,51.01332,6.86919,48.9,3.5,32.513,15.32,,
T,51.01327,6.86928,48.6,-3.2,32.521,8.42,,
T,51.01316,6.86944,48.4,-1.6,32.538,16.61,,
T,51.01305,6.86961,48.6,1.2,32.555,17.09,,
T,51.01289,6.86984,48.3,-1,32.579,24.03,,
T,51.01267,6.87017,48.5,0.4,32.612,33.69,,
T,51.01244,6.87051,48.6,0.5,32.647,34.99,,
T,51.01225,6.87079,48.8,0.5,32.676,28.86,,
T,51.01209,6.871,48.5,-1.1,32.699,23.11,,
T,51.01206,6.87106,48.4,-2,32.705,5.37,,
T,51.01159,6.87174,48.6,0.3,32.776,70.79,,
T,51.01149,6.87187,48.6,-0.3,32.79,14.39,,
T,51.01136,6.87206,48.9,1.7,32.81,19.67,,
T,51.01084,6.8728,49,0.1,32.887,77.74,,
T,51.01041,6.8734,48,-1.6,32.951,63.73,,
T,51.01026,6.87362,48.8,3.5,32.974,22.73,,
T,51.00972,6.87435,48.6,-0.2,33.053,78.95,,
T,51.00945,6.87472,49,0.8,33.092,39.71,,
T,51.00904,6.87528,48.5,-0.7,33.153,60.21,,
T,51.00835,6.87622,48.4,-0.2,33.254,101.22,,
T,51.00834,6.87624,48.5,4.1,33.256,1.79,,
T,51.00798,6.87672,47.4,-2.1,33.308,52.33,,
T,51.00794,6.87678,46.4,-15.8,33.314,6.13,,
T,51.00781,6.87694,45,-7.5,33.332,18.31,,
T,51.00769,6.8771,47.5,14.4,33.35,17.44,,
T,51.00755,6.8773,49,6.8,33.371,20.97,,
T,51.00709,6.8779,49.2,0.4,33.437,66.27,,
T,51.00681,6.87827,49.4,0.4,33.478,40.55,,
T,51.00653,6.87863,49.5,0.3,33.518,40.11,,
T,51.0062,6.87906,49.5,-0.1,33.565,47.53,,
T,51.00584,6.87953,50,1,33.617,51.89,,
T,51.00557,6.87988,49.6,-1.1,33.656,38.8,,
T,51.00543,6.88006,49.3,-1.3,33.676,20.05,,
T,51.0049,6.88074,48.3,-1.3,33.752,75.86,,
T,51.00474,6.88095,46,-9.9,33.775,23.11,,
T,51.00466,6.88105,47.6,13.9,33.786,11.33,,
T,51.00458,6.88116,49.2,13.7,33.798,11.78,,
T,51.00442,6.88136,51,7.9,33.821,22.67,,
T,51.0042,6.88164,51,0,33.852,31.39,,
T,51.00386,6.88207,51.1,0.2,33.901,48.39,,
T,51.00379,6.88217,51.1,0.2,33.911,10.48,,
T,51.0036,6.88239,51,-0.4,33.937,26.18,,
T,51.00342,6.88262,51.4,1.4,33.963,25.72,,
T,51.00319,6.88292,51.5,0.3,33.996,33.14,,
T,51.00251,6.88378,52,0.5,34.093,96.78,,
T,51.00215,6.88425,52.2,0.4,34.145,51.89,,
T,51.00208,6.88434,52.2,0.1,34.155,10.03,,
T,51.00199,6.88446,52,-1.7,34.168,13.08,,
T,51.00185,6.88463,52,0.1,34.188,19.62,,
T,51.00171,6.88482,51.9,-0.3,34.208,20.5,,
T,51.0011,6.88566,52,0.1,34.298,89.9,,
T,51.00084,6.88599,52,-0.1,34.335,37.06,,
T,51.00012,6.88691,49.2,-2.7,34.438,102.89,,
T,51.00006,6.88699,48.1,-12.4,34.447,8.72,,
T,51.00005,6.887,47.9,-13.7,34.448,1.32,,
T,50.99991,6.88719,48.5,3.1,34.468,20.51,,
T,50.99985,6.88726,49.8,14.7,34.477,8.29,,
T,50.99957,6.88763,52,5.5,34.517,40.56,,
T,50.99947,6.88776,52,0,34.532,14.39,,
T,50.99902,6.88833,52,0,34.596,64.09,,
T,50.99897,6.8884,52,0,34.603,7.42,,
T,50.9989,6.88849,52,0,34.613,10.03,,
T,50.99816,6.88945,52,0,34.72,106.39,,
T,50.99736,6.89047,49.9,-1.8,34.834,114.23,,
T,50.99711,6.89079,46.1,-10.8,34.87,35.75,,
T,50.99699,6.89095,46,-0.5,34.887,17.45,,
T,50.99694,6.891,46.1,1,34.894,6.58,,
T,50.99684,6.89115,48.3,14.3,34.909,15.32,,
T,50.99667,6.89137,51.9,15,34.933,24.42,,
T,50.99662,6.89143,52,1,34.94,6.98,,
T,50.99651,6.89157,52,0,34.956,15.7,,
T,50.99593,6.89231,52,0,35.039,82.84,,
T,50.9957,6.89261,52,0,35.072,33.14,,
T,50.9956,6.89275,52,0,35.087,14.84,,
T,50.9953,6.89314,52,0,35.13,43.17,,
T,50.99528,6.89316,52,0,35.133,2.63,,
T,50.99497,6.89356,52,0,35.177,44.47,,
T,50.99476,6.89383,52,0.1,35.207,30.08,,
T,50.99434,6.89437,51.8,-0.3,35.267,60.17,,
T,50.99427,6.89447,52,1.6,35.278,10.48,,
T,50.994,6.89481,50.5,-3.9,35.316,38.37,,
T,50.99397,6.89485,50.1,-8.3,35.321,4.36,,
T,50.99377,6.8951,47.4,-9.7,35.349,28.34,,
T,50.99358,6.89535,51,13.1,35.376,27.47,,
T,50.99333,6.89567,51,0,35.412,35.75,,
T,50.99329,6.89572,50.9,-1,35.418,5.67,,
T,50.99284,6.8963,51,0.1,35.482,64.53,,
T,50.99279,6.89637,51,0,35.49,7.42,,
T,50.99257,6.89666,51,-0.1,35.522,31.84,,
T,50.99248,6.89677,51,-0.2,35.534,12.64,,
T,50.9922,6.89713,50.9,-0.1,35.574,40.11,,
T,50.99196,6.89743,50,-2.7,35.608,34.01,,
T,50.99171,6.89775,50,0,35.644,35.75,,
T,50.99166,6.89784,50,0,35.653,8.42,,
T,50.99161,6.89789,50,0,35.659,6.58,,
T,50.99148,6.89805,50,0,35.677,18.31,,
T,50.99137,6.89819,50,-0.2,35.693,15.7,,
T,50.9912,6.89842,50,0.1,35.718,24.87,,
T,50.99109,6.89856,49.9,-0.5,35.734,15.7,,
T,50.99071,6.89904,49.6,-0.7,35.788,54.06,,
T,50.99031,6.89956,49,-1,35.845,57.56,,
T,50.99029,6.89959,49,0,35.848,3.06,,
T,50.99024,6.89965,49.1,2,35.855,6.98,,
T,50.99022,6.89968,49.1,-0.5,35.858,3.06,,
T,50.9901,6.89983,49,-0.7,35.875,17,,
T,50.98982,6.90019,49,0,35.916,40.11,,
T,50.98888,6.9014,48,-0.7,36.05,134.74,,
T,50.98847,6.90192,48.2,0.3,36.109,58.43,,
T,50.98841,6.902,48,-2.6,36.117,8.72,,
T,50.98812,6.90236,47.1,-2.2,36.158,40.99,,
T,50.98767,6.90292,47.4,0.4,36.222,63.66,,
T,50.98759,6.90301,47.2,-1.4,36.233,10.92,,
T,50.98745,6.90319,47.4,0.7,36.253,20.06,,
T,50.98731,6.90336,46.9,-2.2,36.273,19.62,,
T,50.98729,6.90337,46.9,-1.5,36.275,2.33,,
T,50.98726,6.90338,46.9,-1.3,36.278,3.41,,
T,50.98713,6.90354,46.7,-1,36.297,18.31,,
T,50.98698,6.90372,46,-3,36.318,20.93,,
T,50.98688,6.90385,46.4,2.4,36.332,14.39,,
T,50.98676,6.90399,46.4,0.2,36.349,16.58,,
T,50.98663,6.90415,46.2,-1,36.367,18.31,,
T,50.98656,6.90423,46.3,0.7,36.377,9.6,,
T,50.98649,6.90432,46.3,-0.1,36.387,10.03,,
T,50.98637,6.90446,46.1,-1.3,36.403,16.58,,
T,50.98611,6.90478,45,-2.9,36.44,36.63,,
T,50.98602,6.90488,45.6,4.5,36.452,12.23,,
T,50.98597,6.90494,45.4,-1.8,36.459,6.98,,
T,50.98583,6.90511,45,-2,36.479,19.62,,
T,50.9857,6.90527,45.5,2.7,36.497,18.31,,
T,50.98558,6.90541,45.5,-0.1,36.513,16.58,,
T,50.98555,6.90544,45.5,-1.3,36.517,3.95,,
T,50.98555,6.90545,45.4,-5.6,36.518,0.7,,
T,50.98547,6.90554,45.4,0,36.529,10.92,,
T,50.9853,6.90573,45.3,-0.4,36.552,23.14,,
T,50.98508,6.90599,44.9,-1.4,36.583,30.53,,
T,50.98491,6.90619,44.7,-0.9,36.606,23.56,,
T,50.98461,6.90653,44.6,-0.2,36.647,41.03,,
T,50.98439,6.90679,44.4,-0.5,36.678,30.53,,
T,50.98425,6.90695,44,-2.2,36.697,19.2,,
T,50.98409,6.90713,44.5,2,36.719,21.83,,
T,50.98387,6.90738,44.1,-1,36.749,30.12,,
T,50.9838,6.90746,44.2,0.9,36.759,9.6,,
T,50.98372,6.90755,44,-2.5,36.77,10.92,,
T,50.98366,6.90762,43.7,-2.9,36.778,8.29,,
T,50.98357,6.90771,43.5,-1.6,36.79,11.84,,
T,50.9835,6.90779,43.4,-1.3,36.799,9.6,,
T,50.98343,6.90788,43.5,1.3,36.809,10.03,,
T,50.98314,6.90819,43.9,0.8,36.848,38.92,,
T,50.98312,6.90822,43.8,-3.3,36.851,3.06,,
T,50.98299,6.90836,43.9,0.6,36.869,17.49,,
T,50.98286,6.90851,44.5,3.3,36.887,17.89,,
T,50.98277,6.9086,44.2,-2.3,36.898,11.84,,
T,50.9826,6.90878,44.1,-0.3,36.921,22.75,,
T,50.98247,6.90892,43,-6.5,36.939,17.49,,
T,50.98234,6.90907,43,0,36.957,17.89,,
T,50.98225,6.90916,43,0,36.968,11.84,,
T,50.98225,6.90917,43,0.7,36.969,0.7,,
T,50.98219,6.90924,42.8,-2.1,36.977,8.29,,
T,50.9821,6.90933,42.6,-1.6,36.989,11.84,,
T,50.98204,6.9094,42.8,1.8,36.998,8.29,,
T,50.9819,6.90955,42.7,-0.5,37.016,18.8,,
T,50.98179,6.90966,42.6,-0.5,37.031,14.47,,
T,50.98167,6.9098,43,2.3,37.047,16.58,,
T,50.98153,6.90994,42.7,-1.8,37.066,18.42,,
T,50.9814,6.91008,43.3,3.6,37.083,17.49,,
T,50.98129,6.91019,43.1,-1.4,37.098,14.47,,
T,50.98113,6.91036,43.4,1.3,37.119,21.43,,
T,50.98098,6.91052,43.8,2.1,37.139,20.12,,
T,50.98085,6.91066,44,1.3,37.157,17.49,,
T,50.98072,6.91079,44.3,1.2,37.174,17.1,,
T,50.98057,6.91095,44,-1.2,37.194,20.12,,
T,50.98044,6.91108,44.6,3.1,37.211,17.1,,
T,50.98036,6.91117,44.6,0.6,37.222,10.92,,
T,50.98016,6.91137,44.6,-0.2,37.248,26.31,,
T,50.98002,6.91152,45,2,37.267,18.8,,
T,50.97994,6.91161,45.2,2,37.278,10.92,,
T,50.9799,6.91165,45.1,-1.7,37.283,5.26,,
T,50.97978,6.91177,45,-0.5,37.299,15.79,,
T,50.97961,6.91194,45.4,1.9,37.322,22.37,,
T,50.97949,6.91206,45.5,0.4,37.337,15.79,,
T,50.97944,6.91212,45.4,-1.2,37.344,6.98,,
T,50.97934,6.9122,45.5,1.2,37.357,12.46,,
T,50.97921,6.91234,45.5,-0.3,37.374,17.49,,
T,50.97908,6.91247,45.5,0.2,37.391,17.1,,
T,50.97896,6.91259,45.7,1.4,37.407,15.79,,
T,50.97881,6.91274,46.2,2.1,37.427,19.73,,
T,50.97868,6.91286,46,-0.9,37.444,16.74,,
T,50.97854,6.91301,46.4,2,37.462,18.8,,
T,50.97838,6.91317,46.5,0.5,37.483,21.05,,
T,50.97827,6.91328,46.6,0.4,37.498,14.47,,
T,50.97797,6.91356,46.7,0.3,37.537,38.74,,
T,50.9777,6.91383,46.7,0,37.572,35.52,,
T,50.97755,6.91397,46.9,1,37.592,19.37,,
T,50.97746,6.91406,47.2,2.9,37.603,11.84,,
T,50.97741,6.91411,47.3,0.7,37.61,6.58,,
T,50.9773,6.91421,47,-1.9,37.624,14.11,,
T,50.97724,6.91426,47,0,37.632,7.54,,
T,50.97716,6.91433,47.4,3.6,37.642,10.17,,
T,50.97694,6.91453,47,-1.2,37.67,28.22,,
T,50.97687,6.9146,47.5,4.6,37.679,9.21,,
T,50.97677,6.91468,47.4,-0.7,37.692,12.46,,
T,50.97674,6.91472,47,-8.2,37.696,4.36,,
T,50.97662,6.91482,47.5,3.1,37.711,15.08,,
T,50.97661,6.91483,47.6,6.4,37.712,1.32,,
T,50.97641,6.915,47.9,1.4,37.738,25.25,,
T,50.97625,6.91515,48.5,2.6,37.758,20.68,,
T,50.9761,6.91527,48.1,-1.9,37.777,18.69,,
T,50.97586,6.91547,48.3,0.6,37.807,30.17,,
T,50.9756,6.91568,48,-0.9,37.84,32.47,,
T,50.97552,6.91574,48.1,0.9,37.85,9.85,,
T,50.97544,6.91581,48.1,-0.2,37.86,10.17,,
T,50.97539,6.91585,48,-1.1,37.866,6.23,,
T,50.9753,6.91591,48,0,37.877,10.86,,
T,50.97485,6.91625,49.3,2.3,37.932,55.47,,
T,50.97475,6.91632,49.2,-0.4,37.944,12.16,,
T,50.9739,6.91694,49,-0.2,38.049,104.11,,
T,50.97382,6.917,49.4,4.1,38.058,9.85,,
T,50.97368,6.91708,50.1,4.2,38.075,16.56,,
T,50.97355,6.91717,50.3,0.8,38.091,15.78,,
T,50.97339,6.91727,50,-1.6,38.11,19.14,,
T,50.97325,6.91735,50.2,1.2,38.126,16.56,,
T,50.97312,6.91743,50.2,0.2,38.142,15.52,,
T,50.97277,6.91764,50,-0.5,38.184,41.64,,
T,50.97227,6.91792,50.4,0.7,38.243,59,,
T,50.97194,6.91811,51,1.5,38.282,39.06,,
T,50.9713,6.91844,51,0,38.357,74.88,,
T,50.97053,6.91883,49.1,-2.1,38.446,89.93,,
T,50.97031,6.91894,46.8,-9.1,38.472,25.67,,
T,50.9701,6.91905,49.9,12.8,38.497,24.61,,
T,50.96992,6.91914,51.5,7.7,38.518,21,,
T,50.96963,6.91929,51,-1.6,38.552,33.94,,
T,50.96933,6.91945,51,0,38.587,35.22,,
T,50.96901,6.91962,51,0,38.624,37.55,,
T,50.96873,6.91978,50.9,-0.4,38.658,33.11,,
T,50.96857,6.91987,50.4,-2.6,38.676,18.89,,
T,50.9684,6.91997,50,-1.8,38.697,20.17,,
T,50.96829,6.92004,50,-0.2,38.71,13.19,,
T,50.96819,6.9201,50,0,38.722,11.9,,
T,50.96805,6.92019,50,0,38.738,16.81,,
T,50.96779,6.92036,50,0,38.77,31.29,,
T,50.96761,6.92049,49.9,-0.6,38.792,22.01,,
T,50.96756,6.92052,49.9,0.7,38.798,5.95,,
T,50.96745,6.9206,49.7,-1.6,38.811,13.47,,
T,50.96729,6.92071,49.1,-3,38.831,19.4,,
T,50.96714,6.92082,49,-0.7,38.849,18.39,,
T,50.9671,6.92085,49,0.3,38.854,4.92,,
T,50.96692,6.92099,49,0,38.876,22.31,,
T,50.96675,6.92112,49,0,38.897,21,,
T,50.96673,6.92114,49,-0.5,38.9,2.63,,
T,50.96614,6.92155,48.6,-0.5,38.972,71.68,,
T,50.96611,6.92157,48.6,0.7,38.975,3.62,,
T,50.96585,6.9218,48,-1.9,39.008,33.13,,
T,50.96583,6.92182,48,-1.2,39.011,2.63,,
T,50.96556,6.92208,48,0,39.046,35.15,,
T,50.96529,6.92235,48,0,39.082,35.52,,
T,50.96489,6.92277,48,0,39.135,53.39,,
T,50.96454,6.92314,47.5,-1.2,39.182,46.82,,
T,50.96445,6.92324,47.3,-1,39.194,12.23,,
T,50.96429,6.9234,47.4,0.4,39.215,21.05,,
T,50.96395,6.92376,47.4,-0.1,39.261,45.5,,
T,50.96372,6.92401,46.6,-2.6,39.292,31.03,,
T,50.96364,6.9241,46.2,-3,39.303,10.92,,
T,50.96317,6.92458,46.3,0.1,39.365,62.22,,
T,50.96276,6.92501,45.1,-2.2,39.419,54.71,,
T,50.96243,6.92536,45.4,0.5,39.464,44.19,,
T,50.96191,6.9259,45.1,-0.4,39.533,69.18,,
T,50.96163,6.92618,44.1,-2.6,39.57,36.84,,
T,50.96142,6.92639,44,-0.4,39.597,27.63,,
T,50.96138,6.92643,44,0.5,39.603,5.26,,
T,50.96124,6.92656,44.2,1,39.621,18.06,,
T,50.96107,6.92672,44.1,-0.4,39.643,22,,
T,50.96084,6.92693,44.1,-0.2,39.672,29.54,,
T,50.96062,6.92711,44.6,2.1,39.7,27.55,,
T,50.96045,6.92724,44.7,0.3,39.721,21,,
T,50.96024,6.9274,44.4,-1.3,39.747,25.93,,
T,50.96004,6.92755,44.5,0.4,39.771,24.62,,
T,50.95993,6.92762,44.8,2.7,39.784,13.19,,
T,50.95979,6.92771,44.8,-0.1,39.801,16.81,,
T,50.95961,6.92783,45.5,3.1,39.823,21.73,,
T,50.95957,6.92786,45.6,3.8,39.828,4.92,,
T,50.95953,6.92788,45.7,1.5,39.833,4.67,,
T,50.95945,6.92793,45.3,-4.8,39.842,9.57,,
T,50.95937,6.92797,44.5,-7.7,39.851,9.33,,
T,50.95931,6.92801,43.8,-9.9,39.859,7.24,,
T,50.95895,6.9282,44.1,0.7,39.901,42.22,,
T,50.95869,6.92833,43,-3.6,39.931,30.33,,
T,50.95854,6.92841,42.9,-0.8,39.949,17.61,,
T,50.9584,6.92847,42.9,-0.1,39.965,16.14,,
T,50.95817,6.92858,42.3,-2.3,39.992,26.73,,
T,50.95801,6.92865,42,-1.6,40.01,18.47,,
T,50.9578,6.92875,42,0,40.035,24.4,,
T,50.95743,6.92891,42,0,40.077,42.67,,
T,50.95728,6.92898,42,0,40.095,17.4,,
T,50.95722,6.929,42,0.3,40.101,6.82,,
T,50.95704,6.92909,42.4,1.9,40.122,21,,
T,50.95692,6.92915,41.5,-7,40.136,14,,
T,50.95668,6.92926,41.6,0.6,40.164,27.8,,
T,50.95668,6.92926,41.6,,40.164,0,,
T,50.95655,6.92932,42.6,6.3,40.179,15.06,,
T,50.95654,6.92933,42.5,-2.9,40.181,1.32,,
T,50.95646,6.92937,42.5,-0.8,40.19,9.33,,
T,50.95637,6.92942,41.7,-6.8,40.201,10.61,,
T,50.95622,6.92951,41.9,1,40.218,17.85,,
T,50.95604,6.92962,43.4,7,40.24,21.46,,
T,50.95596,6.92967,45.1,17.2,40.249,9.57,,
T,50.95575,6.92982,48.5,13.5,40.275,25.63,,
T,50.95555,6.92998,49,1.8,40.3,24.93,,
T,50.95542,6.93009,49,0,40.316,16.4,,
T,50.95541,6.9301,49,0,40.318,1.32,,
T,50.95519,6.9303,49,0,40.346,28.22,,
T,50.95517,6.93032,49,0,40.349,2.63,,
T,50.95499,6.93048,49,0,40.372,22.96,,
T,50.95481,6.93066,49,0,40.395,23.68,,
T,50.95463,6.93084,49,0,40.419,23.68,,
T,50.95446,6.93101,49.6,2.6,40.441,22.37,,
T,50.95429,6.93118,49.5,-0.6,40.464,22.37,,
T,50.95418,6.93129,49.6,1.1,40.478,14.47,,
T,50.95409,6.93137,49.7,0.4,40.49,11.48,,
T,50.95391,6.93155,49.6,-0.5,40.513,23.68,,
T,50.95372,6.93174,49.3,-1.1,40.538,25,,
T,50.95363,6.93183,49,-2.2,40.55,11.84,,
T,50.95341,6.93205,48.5,-2,40.579,28.95,,
T,50.95333,6.93212,47.7,-7,40.589,10.17,,
T,50.95324,6.9322,47.2,-5,40.601,11.48,,
T,50.95319,6.93225,47,-2.5,40.607,6.58,,
T,50.95313,6.9323,46.9,-1.7,40.615,7.54,,
T,50.95307,6.93235,46.6,-3.7,40.622,7.54,,
T,50.95298,6.93242,46.6,0.4,40.634,11.16,,
T,50.95291,6.93248,46.6,0,40.642,8.86,,
T,50.95284,6.93255,46.7,0.9,40.652,9.21,,
T,50.95264,6.93271,46.9,0.6,40.677,24.93,,
T,50.95257,6.93278,46.7,-1.2,40.686,9.21,,
T,50.95251,6.93283,46.8,0.7,40.693,7.54,,
T,50.95235,6.93298,47,0.8,40.714,20.69,,
T,50.95218,6.93314,47.4,1.8,40.736,22,,
T,50.95194,6.93339,47.8,1.4,40.768,31.96,,
T,50.95182,6.93351,48,0.9,40.784,15.79,,
T,50.95175,6.93357,48,-0.3,40.793,8.86,,
T,50.9516,6.93373,48.3,1.6,40.813,20.12,,
T,50.95145,6.93389,48,-1.4,40.833,20.12,,
T,50.95118,6.93418,48,0.1,40.869,36.3,,
T,50.95099,6.93439,48.1,0.2,40.895,25.78,,
T,50.95099,6.93439,48.1,,40.895,0,,
T,50.95096,6.93441,48.1,-0.5,40.899,3.62,,
T,50.95094,6.93442,48.1,-0.6,40.901,2.33,,
T,50.95092,6.93444,48,-1.6,40.904,2.63,,
T,50.95084,6.93454,47.7,-2.8,40.915,11.34,,
T,50.95076,6.93463,47.6,-0.9,40.926,10.92,,
T,50.95075,6.93464,47.6,0,40.927,1.32,,
T,50.95068,6.93472,47.6,-0.4,40.937,9.6,,
T,50.95061,6.9348,47.9,3.1,40.946,9.6,,
T,50.95058,6.93484,47.7,-3.2,40.951,4.36,,
T,50.9504,6.93505,47.5,-0.7,40.976,24.87,,
T,50.95025,6.93519,47.5,-0.1,40.995,19.37,,
T,50.95019,6.93525,47.5,0,41.003,7.9,,
T,50.95016,6.93528,47.4,-2.1,41.007,3.95,,
T,50.95012,6.9353,47.6,4,41.011,4.67,,
T,50.95007,6.93532,47.9,4.3,41.017,5.74,,
T,50.95002,6.93534,48.1,4.8,41.023,5.74,,
T,50.94994,6.93536,48.5,4.2,41.032,9.01,,
T,50.94984,6.93537,48.9,3.6,41.043,11.15,,
T,50.94972,6.93534,49.2,2.4,41.057,13.52,,
T,50.94962,6.9353,49.4,1.6,41.068,11.47,,
T,50.94955,6.93526,49.7,3.3,41.076,8.28,,
T,50.94947,6.93523,50,2.9,41.085,9.15,,
T,50.94946,6.93523,50,1.6,41.087,1.11,,
T,50.94939,6.9352,50,0.3,41.095,8.07,,
T,50.94933,6.93518,50,0,41.101,6.82,,
T,50.94929,6.93517,50,0,41.106,4.51,,
T,50.94925,6.93517,50,0,41.11,4.45,,
T,50.94922,6.93517,50,0,41.114,3.34,,
T,50.94917,6.93517,50,0,41.119,5.56,,
T,50.94909,6.93518,50,0,41.128,8.93,,
T,50.94902,6.9352,50,0,41.136,7.91,,
T,50.94886,6.93525,50,0,41.154,18.14,,
T,50.94818,6.93543,49,-1.3,41.231,76.7,,
T,50.94791,6.93551,49,0,41.262,30.56,,
T,50.94791,6.93551,49,,41.262,0,,
T,50.94785,6.93553,49,0,41.268,6.82,,
T,50.94767,6.93559,49,0,41.289,20.46,,
T,50.9476,6.93564,49,0,41.297,8.54,,
T,50.94749,6.93567,49,0.2,41.31,12.42,,
T,50.94741,6.93588,48.9,-0.4,41.327,17.23,,
T,50.94726,6.9363,48,-2.7,41.361,33.91,,
T,50.9472,6.93647,48.3,1.5,41.375,13.69,,
T,50.94715,6.93661,49.3,9.7,41.386,11.3,,
T,50.94713,6.93668,50.1,13.7,41.391,5.4,,
T,50.94709,6.93679,51,10,41.4,8.92,,
T,50.94709,6.93679,51,,41.4,0,,
T,50.94702,6.93699,49.8,-7.4,41.416,16.07,,
T,50.94699,6.93704,49.3,-9.7,41.421,4.85,,
T,50.94693,6.93718,49,-2.6,41.433,11.89,,
T,50.94688,6.93729,50.1,11.8,41.443,9.52,,
T,50.94682,6.93741,50.9,6.6,41.453,10.76,,
T,50.94681,6.93742,50.9,0.5,41.455,1.32,,
T,50.94676,6.93752,50.5,-4.6,41.464,8.96,,
T,50.94673,6.9376,49.3,-18.3,41.47,6.54,,
T,50.94669,6.93775,46.8,-21.6,41.482,11.44,,
T,50.94667,6.93793,46,-6,41.494,12.84,,
T,50.94667,6.93793,46,,41.494,0,,
T,50.94666,6.93809,46,0,41.506,11.3,,
T,50.94667,6.93829,46,-0.1,41.52,14.1,,
T,50.94667,6.9384,46,0.1,41.528,7.73,,
T,50.94667,6.93848,46,0.1,41.533,5.62,,
T,50.94667,6.9386,46,0.1,41.542,8.43,,
T,50.94667,6.93867,45.8,-4.1,41.547,4.92,,
T,50.94664,6.93901,46.5,2.6,41.571,24.13,,
T,50.94663,6.93913,47.7,13.9,41.579,8.51,,
T,50.94661,6.93944,48,1.6,41.601,21.9,,
T,50.94654,6.94026,48,0.1,41.659,58.15,,
T,50.94652,6.94065,48.5,1.8,41.687,27.5,,
T,50.94651,6.94072,48.6,0.7,41.692,5.04,,
T,50.94643,6.94165,49,0.7,41.758,65.96,,
T,50.94641,6.94187,49,0,41.773,15.62,,
T,50.94641,6.94196,49,0,41.78,6.33,,
T,50.9464,6.94206,49,0,41.787,7.12,,
T,50.94639,6.94219,49,0,41.796,9.2,,
T,50.94638,6.94238,49,0,41.809,13.4,,
T,50.94637,6.9425,49,0,41.818,8.51,,
T,50.94638,6.94268,49,0,41.831,12.7,,
T,50.94638,6.94274,49,0,41.835,4.22,,
T,50.94639,6.94281,49,0,41.84,5.04,,
T,50.9464,6.9429,49,0,41.846,6.42,,
T,50.94641,6.94299,49,0,41.853,6.42,,
T,50.94641,6.94299,49,,41.853,0,,
T,50.94646,6.94319,49,0,41.868,15.12,,
T,50.94648,6.94327,49,0,41.874,6.05,,
T,50.94651,6.94337,49,0,41.882,7.78,,
T,50.94654,6.94346,49,0,41.889,7.15,,
T,50.94658,6.94357,49,0,41.898,8.92,,
T,50.94663,6.94368,49,-0.3,41.907,9.52,,
T,50.94669,6.94383,49,0.3,41.92,12.48,,
T,50.94675,6.94402,49,0,41.935,14.93,,
T,50.94687,6.94433,49,0,41.96,25.55,,
T,50.94691,6.94444,49,0,41.969,8.92,,
T,50.94696,6.94457,49,0,41.98,10.7,,
T,50.94703,6.94468,49,0,41.991,10.97,,
T,50.94703,6.94468,49,,41.991,0,,
T,50.94708,6.9448,49.1,1.4,42.001,10.1,,
T,50.94711,6.94489,49.4,3.1,42.008,7.15,,
T,50.94712,6.94493,49.5,3.7,42.011,3.02,,
T,50.94713,6.94496,49.6,4.2,42.013,2.38,,
T,50.94713,6.94499,49.6,3.4,42.016,2.11,,
T,50.94713,6.94502,49.7,1.1,42.018,2.11,,
T,50.94713,6.94506,49.7,0,42.02,2.81,,
T,50.94713,6.94509,49.7,0,42.023,2.11,,
T,50.94712,6.94512,49.6,-1.5,42.025,2.38,,
T,50.94711,6.94515,49.6,-1.5,42.027,2.38,,
T,50.9471,6.94518,49.6,-1.5,42.03,2.38,,
T,50.94709,6.94519,49.5,-2.7,42.031,1.32,,
T,50.94699,6.9453,49.2,-2.8,42.045,13.55,,
T,50.94684,6.94545,49,-0.8,42.064,19.74,,
T,50.94673,6.94556,49,0,42.079,14.47,,
T,50.94669,6.94558,49,0,42.084,4.67,,
T,50.94665,6.94562,49,0,42.089,5.26,,
T,50.94655,6.94572,49,0,42.102,13.16,,
T,50.94648,6.94579,49,0,42.111,9.21,,
T,50.9464,6.94587,49,0,42.122,10.53,,
T,50.9463,6.94599,49,0,42.136,13.96,,
T,50.94625,6.94605,49,0,42.143,6.98,,
T,50.94624,6.94606,49,0,42.144,1.32,,
T,50.94579,6.94652,50.6,2.6,42.204,59.59,,
T,50.94577,6.94654,50.6,3.6,42.206,2.63,,
T,50.94573,6.94659,50.8,3.2,42.212,5.67,,
T,50.94569,6.94664,51,2.2,42.217,5.67,,
T,50.94565,6.94671,51,0.7,42.224,6.63,,
T,50.94565,6.94671,51,,42.224,0,,
T,50.94563,6.94676,51,0,42.228,4.16,,
T,50.94561,6.94681,51,0,42.232,4.16,,
T,50.94559,6.94686,51,0,42.237,4.16,,
T,50.94557,6.94694,51,0,42.243,6.05,,
T,50.94554,6.94704,50.7,-4.4,42.25,7.78,,
T,50.9455,6.94719,50.1,-4.7,42.262,11.44,,
T,50.94549,6.94724,50,-3.1,42.266,3.69,,
T,50.94547,6.94733,50,0,42.272,6.71,,
T,50.94545,6.94746,50,0,42.282,9.4,,
T,50.94543,6.94756,50,0,42.289,7.37,,
T,50.94541,6.94767,50,0,42.297,8.04,,
T,50.9454,6.94776,50,0,42.303,6.42,,
T,50.94539,6.94786,50,0,42.311,7.12,,
T,50.94538,6.94801,50,0,42.321,10.6,,
T,50.94533,6.94861,49.2,-1.9,42.364,42.53,,
T,50.94527,6.94943,49,-0.3,42.422,58.02,,
T,50.94526,6.94949,49.1,0.6,42.426,4.36,,
T,50.94525,6.94965,49,-0.2,42.437,11.3,,
T,50.94521,6.95022,49,-0.1,42.478,40.31,,
T,50.94519,6.95043,49,0,42.493,14.93,,
T,50.94519,6.95043,49,,42.493,0,,
T,50.94518,6.95071,49,0,42.512,19.71,,
T,50.94517,6.95074,49,0,42.515,2.38,,
T,50.94517,6.95089,49,0,42.525,10.54,,
T,50.94514,6.95132,49.4,1.2,42.556,30.4,,
T,50.94514,6.95135,49.4,2.6,42.558,2.11,,
T,50.94512,6.95155,49.6,1,42.572,14.23,,
T,50.9451,6.95176,49.4,-1,42.587,14.93,,
T,50.94508,6.95193,49,-3.2,42.599,12.15,,
T,50.94505,6.95205,49,-0.4,42.608,9.07,,
T,50.94503,6.95222,49,0,42.62,12.15,,
T,50.945,6.95236,49.5,4.8,42.631,10.39,,
T,50.94499,6.95242,49.8,6,42.635,4.36,,
T,50.94498,6.95249,50,5.6,42.64,5.04,,
T,50.94493,6.95268,50.1,0.3,42.655,14.47,,
T,50.9449,6.9528,50,-1,42.664,9.07,,
T,50.94487,6.95288,50,0,42.67,6.54,,
T,50.94487,6.95288,50,,42.67,0,,
T,50.94481,6.95327,50,0,42.698,28.21,,
T,50.94479,6.95343,50,0,42.71,11.46,,
T,50.94476,6.95351,50,0,42.716,6.54,,
T,50.94476,6.95352,50,0,42.717,0.7,,
T,50.94476,6.95354,50,0,42.719,1.41,,
T,50.94476,6.95359,50,0,42.722,3.51,,
T,50.94475,6.95385,50,0,42.74,18.31,,
T,50.94475,6.95406,50,0,42.755,14.76,,
T,50.94476,6.95432,50.6,3,42.773,18.31,,
T,50.94476,6.95443,50.9,5.1,42.781,7.73,,
T,50.94477,6.95452,51,0.8,42.788,6.42,,
T,50.94477,6.95459,51,0,42.792,4.92,,
T,50.94478,6.9547,51,0,42.8,7.81,,
T,50.9448,6.95483,50.9,-1.2,42.81,9.4,,
T,50.94481,6.95494,50.8,-1.8,42.818,7.81,,
T,50.94483,6.95505,50.6,-1.7,42.826,8.04,,
T,50.94483,6.95508,50.6,0,42.828,2.11,,
T,50.94484,6.95516,50.6,-0.6,42.833,5.73,,
T,50.94487,6.95528,50.5,-1.3,42.842,9.07,,
T,50.94488,6.95536,50.1,-6.3,42.848,5.73,,
T,50.9449,6.95543,49.7,-8.1,42.854,5.4,,
T,50.9449,6.95545,49.6,-6.6,42.855,1.41,,
T,50.94493,6.95556,48.8,-9.6,42.863,8.42,,
T,50.94496,6.95566,48.4,-4.2,42.871,7.78,,
T,50.94499,6.95575,48.1,-4.5,42.878,7.15,,
T,50.94502,6.95585,48.4,3.7,42.886,7.78,,
T,50.94504,6.95593,49.5,17.9,42.892,6.05,,
T,50.94509,6.95609,51.7,18.1,42.905,12.55,,
T,50.94513,6.95618,53.2,18.4,42.912,7.73,,
T,50.94514,6.95621,53.6,17.3,42.915,2.38,,
T,50.94528,6.9565,56,9.4,42.94,25.65,,
T,50.94543,6.95679,52.9,-11.6,42.967,26.34,,
T,50.94543,6.95679,52.9,,42.967,0,,
T,50.94547,6.95688,51.7,-15.8,42.975,7.73,,
T,50.94551,6.95699,50.2,-17.2,42.983,8.92,,
T,50.94553,6.95705,49.2,-19.6,42.988,4.77,,
T,50.94554,6.95713,48.2,-17.6,42.994,5.73,,
T,50.94555,6.95724,47.1,-14.6,43.002,7.81,,
T,50.94555,6.95729,47.1,-0.2,43.005,3.51,,
T,50.94554,6.95731,47.2,6.6,43.007,1.79,,
T,50.94552,6.95741,47.3,2,43.014,7.37,,
T,50.94549,6.95746,47.5,4.1,43.019,4.85,,
T,50.94546,6.9575,47.7,3.4,43.024,4.36,,
T,50.94545,6.95753,47.9,8.6,43.026,2.38,,
T,50.94543,6.95755,48.1,7.9,43.029,2.63,,
T,50.94532,6.95768,48.9,5.2,43.044,15.27,,
T,50.94516,6.95786,49,0.5,43.066,21.84,,
T,50.94485,6.95815,48.7,-0.8,43.106,40.06,,
T,50.94485,6.95815,48.7,,43.106,0,,
T,50.94476,6.95821,48.4,-2,43.117,10.86,,
T,50.94473,6.95823,48.4,-2,43.12,3.62,,
T,50.94467,6.95827,48.6,3.6,43.128,7.24,,
T,50.94464,6.95831,48.5,-2.9,43.132,4.36,,
T,50.94444,6.95856,49,1.9,43.16,28.35,,
T,50.94438,6.95865,49.2,1.8,43.17,9.2,,
T,50.9443,6.95876,49.2,0.3,43.181,11.79,,
T,50.94429,6.95878,49.2,-1.3,43.183,1.79,,
T,50.94428,6.95879,49.2,-0.5,43.184,1.32,,
T,50.9442,6.95892,49,-1.6,43.197,12.75,,
T,50.94415,6.95903,49.1,0.5,43.207,9.52,,
T,50.94414,6.95905,49.1,1.2,43.208,1.79,,
T,50.94405,6.95927,48.8,-1.6,43.227,18.42,,
T,50.94396,6.95949,48.7,-0.4,43.245,18.42,,
T,50.94393,6.95958,48.8,1.1,43.252,7.15,,
T,50.94388,6.95969,49,2.3,43.262,9.52,,
T,50.9438,6.95986,48.7,-2.3,43.277,14.9,,
T,50.94375,6.95995,48.6,-0.9,43.285,8.42,,
T,50.94373,6.95998,48.6,0.4,43.288,3.07,,
T,50.94366,6.96013,48.4,-1.3,43.301,13.11,,
T,50.9436,6.96022,48.2,-2.2,43.311,9.2,,
T,50.9436,6.96022,48.2,,43.311,0,,
T,50.94359,6.96022,48.3,2.5,43.312,1.11,,
T,50.94358,6.96022,48.3,2.6,43.313,1.11,,
T,50.94357,6.96023,48.3,-0.2,43.314,1.32,,
T,50.94356,6.96023,48.3,2.6,43.315,1.11,,
T,50.94355,6.96024,48.3,0.2,43.317,1.32,,
T,50.94354,6.96024,48.4,2.8,43.318,1.11,,
T,50.94354,6.96025,48.3,-3.8,43.318,0.7,,
T,50.94353,6.96025,48.4,3,43.32,1.11,,
T,50.94353,6.96026,48.3,-3.7,43.32,0.7,,
T,50.94352,6.96027,48.3,0.8,43.322,1.32,,
T,50.94352,6.96028,48.3,-3.1,43.322,0.7,,
T,50.94351,6.96028,48.4,3.2,43.323,1.11,,
T,50.94351,6.96029,48.3,-1.8,43.324,0.7,,
T,50.94351,6.9603,48.3,-1.8,43.325,0.7,,
T,50.9435,6.96031,48.4,1.4,43.326,1.32,,
T,50.9435,6.96032,48.3,-2.1,43.327,0.7,,
T,50.9435,6.96033,48.3,-2,43.328,0.7,,
T,50.9435,6.96034,48.3,-2.1,43.328,0.7,,
T,50.94349,6.96035,48.3,1,43.33,1.32,,
T,50.94349,6.96036,48.3,-2.3,43.33,0.7,,
T,50.94349,6.96037,48.3,-2.3,43.331,0.7,,
T,50.94349,6.96038,48.3,-2.1,43.332,0.7,,
T,50.94349,6.96039,48.3,-2.3,43.332,0.7,,
T,50.94349,6.9604,48.2,-2.3,43.333,0.7,,
T,50.94349,6.96041,48.2,-2.3,43.334,0.7,,
T,50.94349,6.96042,48.2,-2.1,43.334,0.7,,
T,50.9435,6.96042,48.2,-1.6,43.336,1.11,,
T,50.9435,6.96043,48.2,-2,43.336,0.7,,
T,50.9435,6.96044,48.2,-2.1,43.337,0.7,,
T,50.9435,6.96045,48.2,-2,43.338,0.7,,
T,50.9435,6.96046,48.1,-2,43.338,0.7,,
T,50.94351,6.96046,48.1,-1.2,43.34,1.11,,
T,50.94351,6.96047,48.1,-1.8,43.34,0.7,,
T,50.94351,6.96048,48.1,-1.8,43.341,0.7,,
T,50.94352,6.96049,48.1,-1.7,43.342,1.32,,
T,50.94352,6.9605,48.1,-1.6,43.343,0.7,,
T,50.94321,6.96174,45.4,-2.8,43.437,93.73,,
T,50.94316,6.96194,45,-2.7,43.452,15.12,,
T,50.94313,6.9621,45,-0.1,43.464,11.73,,
T,50.94313,6.9621,45,,43.464,0,,
T,50.94309,6.96213,45,0,43.468,4.92,,
T,50.94307,6.96215,45,0,43.471,2.63,,
T,50.94306,6.96219,45,0,43.474,3.02,,
T,50.94304,6.96223,45,-0.8,43.478,3.59,,
T,50.94302,6.96227,44.8,-4,43.481,3.59,,
T,50.94295,6.96233,44.6,-2.4,43.49,8.86,,
T,50.94293,6.96235,44.5,-2.7,43.493,2.63,,
T,50.94291,6.96236,44.5,-1.5,43.495,2.33,,
T,50.94283,6.96236,44.5,0,43.504,8.9,,
T,50.94276,6.96239,44.4,-1.6,43.512,8.07,,
T,50.94261,6.96233,44.2,-0.7,43.529,17.21,,
T,50.94256,6.96231,44.1,-1.6,43.535,5.74,,
T,50.94248,6.96228,44,-1.6,43.544,9.15,,
T,50.94241,6.96226,44,0,43.552,7.91,,
T,50.9424,6.96226,44,0,43.553,1.11,,
T,50.94239,6.96226,44,0,43.554,1.11,,
T,50.94233,6.96224,44,0,43.561,6.82,,
T,50.94227,6.96223,44,0,43.568,6.71,,
T,50.94222,6.96222,44,0,43.573,5.61,,
T,50.94207,6.96222,44,0,43.59,16.69,,
T,50.94203,6.96222,44,0,43.595,4.45,,
T,50.94201,6.96222,44,0,43.597,2.22,,
T,50.94186,6.96221,45.8,11,43.613,16.7,,
T,50.94166,6.96221,50.1,19.3,43.636,22.25,,
T,50.94152,6.9622,52.1,12.9,43.651,15.59,,
T,50.94151,6.9622,52.3,12.7,43.652,1.11,,
T,50.94133,6.9622,52.9,3.2,43.672,20.02,,
T,50.94122,6.96219,50.9,-16.6,43.685,12.26,,
T,50.94111,6.96219,48.9,-16.4,43.697,12.24,,
T,50.94101,6.96219,48.2,-6.1,43.708,11.12,,
T,50.94086,6.9622,47.2,-6.1,43.725,16.7,,
T,50.94084,6.9622,47,-6.2,43.727,2.22,,
T,50.9408,6.96221,46.8,-6.2,43.732,4.51,,
T,50.94069,6.96222,46,-6.5,43.744,12.26,,
T,50.94061,6.96222,45.4,-6.4,43.753,8.9,,
T,50.94051,6.96224,44.8,-5.5,43.764,11.21,,
T,50.94013,6.96229,44.4,-0.9,43.806,42.42,,
T,50.93976,6.96235,44.9,1.3,43.848,41.38,,
T,50.93961,6.96238,44.8,-1,43.865,16.82,,
T,50.93888,6.96253,44,-0.9,43.946,81.89,,
T,50.9387,6.96257,44,0,43.967,20.22,,
T,50.9386,6.96259,44,0,43.978,11.21,,
T,50.93852,6.96261,44,0,43.987,9.01,,
T,50.9383,6.96265,44,0,44.011,24.64,,
T,50.93828,6.96266,44,0,44.014,2.33,,
T,50.93808,6.9627,44,0,44.036,22.43,,
T,50.93781,6.96275,44,0,44.066,30.24,,
T,50.93768,6.96278,44,0,44.081,14.62,,
T,50.93727,6.96285,44,0,44.127,45.88,,
T,50.93725,6.96285,44,0,44.129,2.22,,
T,50.93709,6.96288,44,0,44.147,17.92,,
T,50.93691,6.96291,44,0,44.167,20.14,,
T,50.93682,6.96292,44,0,44.177,10.04,,
T,50.93675,6.96294,44,0,44.185,7.91,,
T,50.93673,6.96294,44,0,44.187,2.22,,
T,50.93669,6.96295,44,0,44.192,4.51,,
T,50.93666,6.96295,44,0.5,44.195,3.34,,
T,50.93655,6.96296,44.3,2.2,44.208,12.26,,
T,50.9364,6.96298,44.5,1.4,44.224,16.75,,
T,50.93637,6.96298,44.4,-4.2,44.228,3.34,,
T,50.9362,6.96299,42.7,-8.8,44.247,18.93,,
T,50.93604,6.963,41.5,-6.5,44.264,17.81,,
T,50.93599,6.963,41.5,-0.6,44.27,5.56,,
T,50.93594,6.963,41.5,-0.6,44.275,5.56,,
T,50.93594,6.963,41.5,,44.275,0,,
T,50.93591,6.96293,42.4,15.1,44.281,5.95,,
T,50.93589,6.96291,42.5,4.1,44.284,2.63,,
T,50.93585,6.96288,42.4,-1.1,44.289,4.92,,
T,50.93578,6.96286,42.5,0.4,44.297,7.91,,
T,50.9355,6.96288,42.8,1.2,44.328,31.18,,
T,50.9354,6.96288,43.2,3.2,44.339,11.12,,
T,50.93532,6.96288,43.5,3.2,44.348,8.9,,
T,50.93527,6.96287,43.7,3.5,44.354,5.61,,
T,50.93524,6.96286,43.7,2,44.357,3.41,,
T,50.93519,6.96286,43.8,1,44.363,5.56,,
T,50.93516,6.96286,43.8,1,44.366,3.34,,
T,50.93514,6.96285,43.9,1.7,44.368,2.33,,
T,50.93512,6.96284,43.9,1.5,44.371,2.33,,
T,50.9351,6.96282,43.9,1.6,44.373,2.63,,
T,50.93508,6.96279,44,1.4,44.376,3.07,,
T,50.93506,6.96275,44.1,4.4,44.38,3.59,,
T,50.93504,6.96271,44.3,4.8,44.384,3.59,,
T,50.93503,6.96269,44.4,3.9,44.385,1.79,,
T,50.93502,6.96266,44.5,4.2,44.388,2.38,,
T,50.93502,6.96263,44.6,5.9,44.39,2.11,,
T,50.93502,6.96261,44.7,5.8,44.391,1.41,,
T,50.93502,6.96254,45,5.9,44.396,4.92,,
T,50.93502,6.96233,45.2,1.4,44.411,14.76,,
T,50.93502,6.96233,45.2,,44.411,0,,
T,50.93514,6.96229,46.4,8.8,44.425,13.64,,
T,50.93529,6.96229,47.7,7.7,44.441,16.69,,
T,50.93543,6.96228,46.8,-5.6,44.457,15.59,,
T,50.93581,6.96227,44.2,-6.2,44.499,42.28,,
T,50.93597,6.96227,47,16.1,44.517,17.8,,
T,50.93599,6.96226,47.5,18.2,44.519,2.33,,
T,50.93606,6.96226,49,19.9,44.527,7.79,,
T,50.93615,6.96225,50,9.5,44.537,10.04,,
T,50.93616,6.96225,49.9,-3.2,44.538,1.11,,
T,50.93619,6.96224,49.8,-4.2,44.542,3.41,,
T,50.93623,6.96224,49.6,-3.2,44.546,4.45,,
T,50.93628,6.96223,49.4,-3.9,44.552,5.61,,
T,50.93633,6.96222,49.2,-3.8,44.557,5.61,,
T,50.93634,6.96222,49.2,-3.3,44.558,1.11,,
T,50.93639,6.96221,48.9,-4.1,44.564,5.61,,
T,50.93643,6.9622,48.3,-13.3,44.568,4.51,,
T,50.93647,6.96216,47.7,-12.7,44.574,5.26,,
T,50.9365,6.96214,47.2,-12.5,44.577,3.62,,
T,50.93652,6.9621,46.9,-9.5,44.581,3.59,,
T,50.93653,6.96208,46.7,-9.1,44.583,1.79,,
T,50.93655,6.96206,46.4,-10.7,44.585,2.63,,
T,50.93658,6.96203,46,-10.2,44.589,3.95,,
T,50.93659,6.962,45.9,-6.2,44.592,2.38,,
T,50.93661,6.96197,45.6,-8.2,44.595,3.07,,
T,50.93662,6.96194,45.5,-4.8,44.597,2.38,,
T,50.93663,6.96191,45.5,-0.5,44.6,2.38,,
T,50.93664,6.96188,45.5,-0.3,44.602,2.38,,
T,50.93664,6.96184,45.6,4.6,44.605,2.81,,
T,50.93664,6.96183,45.7,4.6,44.605,0.7,,
T,50.93665,6.9618,45.7,0.4,44.608,2.38,,
T,50.93665,6.96175,45.8,4.8,44.611,3.51,,
T,50.93665,6.96171,46,4.8,44.614,2.81,,
T,50.93665,6.96151,46.1,0.6,44.628,14.06,,
T,50.93665,6.9613,46.3,1.9,44.643,14.76,,
T,50.93664,6.96126,46.5,5.6,44.646,3.02,,
T,50.93664,6.96123,46.6,5.6,44.648,2.11,,
T,50.93664,6.96122,46.7,5.5,44.649,0.7,,
T,50.93663,6.96118,46.9,6.1,44.652,3.02,,
T,50.93662,6.96114,47,6.5,44.655,3.02,,
T,50.93661,6.96111,47.2,6.6,44.657,2.38,,
T,50.93659,6.96108,47.3,2.3,44.66,3.07,,
T,50.93657,6.96105,47.3,2.3,44.663,3.07,,
T,50.93654,6.96103,47.5,3,44.667,3.62,,
T,50.93651,6.961,47.6,2.7,44.671,3.95,,
T,50.93648,6.961,47.7,3.2,44.674,3.34,,
T,50.93646,6.961,47.7,3.2,44.677,2.22,,
T,50.9364,6.961,48,3.2,44.683,6.67,,
T,50.93632,6.961,48,0.4,44.692,8.9,,
T,50.93629,6.961,48,0,44.695,3.34,,
T,50.93622,6.96101,48,0,44.703,7.82,,
T,50.93617,6.96101,48,0,44.709,5.56,,
T,50.93612,6.961,48,0,44.714,5.61,,
T,50.93607,6.96098,47.9,-1.2,44.72,5.74,,
T,50.93604,6.96097,47.9,-1.8,44.724,3.41,,
T,50.93601,6.96095,47.8,-2.2,44.727,3.62,,
T,50.93601,6.96095,47.8,,44.727,0,,
T,50.93595,6.96067,47.4,-1.8,44.748,20.78,,
T,50.93595,6.96067,47.4,,44.748,0,,
T,50.93595,6.9606,47.4,0,44.753,4.92,,
T,50.93596,6.96054,47.5,0.8,44.757,4.36,,
T,50.93597,6.96049,47.5,1,44.761,3.69,,
T,50.93599,6.96043,47.6,1.5,44.766,4.77,,
T,50.93601,6.9604,47.6,2.3,44.769,3.07,,
T,50.93603,6.96037,47.7,2.3,44.772,3.07,,
T,50.93605,6.96034,47.8,2.3,44.775,3.07,,
T,50.93608,6.96031,47.9,2.7,44.779,3.95,,
T,50.93625,6.96032,47.6,-1.6,44.798,18.93,,
T,50.93664,6.96032,47,-1.3,44.841,43.39,,
T,50.93743,6.96028,46.8,-0.3,44.929,87.93,,
